text,true_label,predicted_label
"see what raant to help you get loyments , with no hack",spam,ham
nutter. cutter. ctter. cttergg. cttargg. ctargg. ctagg. ie you,ham,spam
would you like to know what the powerball winning lottery numbers will be in the morning if so just follow this link url although every attempt is made to ensure that this list of numbers is accurate the official winning numbers are recorded in the official draw files as certified by the independent accounting firm at the request of our players these numbers are listed in numerical order wednesday september 1635465 1635465 draw results 1635465 1635465 1635465 1635465 1635465 pb 1635465 pp 1635465 or visit url are you tired of your job then please visit url it s time to retire,spam,ham
here,spam,ham
goodbye tote hubbardrufus strewn aldercandid catlike leftmostarchibald guenther wildcatremington complexion annaldemystify applaud comparisonverb virginal caviardecompress delusion builtinyorktown writ daytimeniobe,spam,ham
ğŸ’¯ ğ™¿ğšğ™´ğ™¼ğ™¸ğš„ğ™¼ ğ™°ğ™²ğ™²ğ™¾ğš„ğ™½ğšƒğš‚ ğš‚ğ™°ğ™»ğ™´ ğŸ’¯ ğŸ’™ ğ™°ğ™¼ğ™°ğš‰ğ™¾ğ™½ ğ™¿ğšğ™¸ğ™¼ğ™´: 25â‚¹ ğŸ’™ ğš…ğ™¾ğ™¾ğšƒ ğš‚ğ™´ğ™»ğ™´ğ™²ğšƒ: 30â‚¹ ğŸ’™ ğš…ğ™¾ğ™¾ğšƒ ğ™ºğ™¸ğ™³ğš‚: 30â‚¹ ğŸ’™ ğš‰ğ™´ğ™´5: 50â‚¹ ğŸ’™ ğ™¾ğ™·ğ™¾ ğ™¶ğš„ğ™¹ğ™°ğšğ™°ğšƒğ™¸ ğ™¾ğšƒğšƒ : 50â‚¹ ğŸ’™ ğ™°ğ™·ğ™°: 50â‚¹ ğŸ’™ ğ™²ğ™°ğ™½ğš…ğ™° ğ™¿ğšğ™¾: 30â‚¹ ğŸ’™ ğ™°ğ™»ğšƒğ™±ğ™°ğ™»ğ™°ğ™¹ğ™¸: 30â‚¹ ğŸ’™ ğ™½ğš„ğ™´ğ™µğ™»ğ™¸ğ™²ğ™ºğš‚: 30â‚¹ ğŸ’™ ğ™°ğ™¼ğ™°ğš‰ğ™¾ğ™½ ğ™°ğš„ğ™³ğ™¸ğ™±ğ™»ğ™´: 50â‚¹ ğŸ’™ ğ™¿ğ™¸ğ™²ğš‚ğ™°ğšğšƒ ğ™¶ğ™¾ğ™»ğ™³: 50â‚¹ 3 ğ™¼ğ™¾ğ™½ğšƒğ™·ğš‚ ã€°ã€°ã€°ã€°ã€°ã€°ã€°ã€°ã€°ã€°ã€°ã€° ğŸ’¯ ğ™¾ğšƒğ™·ğ™´ğš ğ™°ğ™²ğ™²ğ™¾ğš„ğ™½ğšƒğš‚ ğŸ’™ ğšƒğ™¸ğ™³ğ™°ğ™» ğŸ’™ ğ™½ğ™°ğ™¿ğš‚ğšƒğ™´ğš ğŸ’™ ğ™³ğ™´ğ™´ğš‰ğ™´ğš ğŸ’™ ğ™°ğ™¿ğ™¿ğ™»ğ™´ ğ™¼ğš„ğš‚ğ™¸ğ™² ğŸ’™ ğ™³ğ™¸ğš‚ğ™½ğ™´ğšˆ ğŸ’™ ğ™´ğš‚ğ™¿ğ™½ ğŸ’™ ğ™·ğš„ğ™»ğš„ ğ™¿ğšğ™´ğ™¼ğ™¸ğš„ğ™¼ ğŸ’™ ğ™½ğ™¾ğšğ™³ ğš…ğ™¿ğ™½ ğŸ’™ ğ™·ğ™¼ğ™° ğš…ğ™¿ğ™½ ğŸ’™ ğ™½ğ™°ğ™¼ğ™´ğ™²ğ™·ğ™´ğ™°ğ™¿ ğš…ğ™¿ğ™½ ğŸ’™ ğš…ğ™´ğ™´ğ™¿ğ™½ ğš…ğ™¿ğ™½ ğŸ’™ ğš‚ğ™´ğ™´ğ™³4ğ™¼ğ™´ ğš…ğ™¿ğ™½ ğŸ’™ ğ™ºğ™´ğ™´ğ™¿ğš‚ğ™¾ğ™»ğ™¸ğ™³ ğš…ğ™¿ğ™½ ã€°ã€°ã€°ã€°ã€°ã€°ã€°ã€°ã€°ã€°ã€°ã€°ã€°ã€°ã€°ã€° ğŸ’¯ ğš‚ğ™´ğ™»ğ™»ğ™¸ğ™½ğ™¶ ğ™¾ğšƒğ™¿ ğ™µğ™¾ğš ğšƒğ™´ğ™»ğ™´ğ™¶ğšğ™°ğ™¼ ğŸ’¯ ğŸ’° ğ™¿ğ™°ğšˆğ™¼ğ™´ğ™½ğšƒ: ğ™¿ğ™°ğšˆğšƒğ™¼ğš„ğ™¿ğ™¸ ğ™±ğšƒğ™² ğŸ’° ğŸ’¯ ğ™´ğš‚ğ™²ğšğ™¾ğš† ğš†ğ™¸ğšƒğ™· ğšƒğšğš„ğš‚ğšƒğ™´ğ™³ ğ™°ğ™³ğ™¼ğ™¸ğ™½ğš‚ ğŸ’¯,spam,ham
are you free now?can i call now?,ham,spam
"ist ihr arbeitsplatz wirklich sicher ? sind sie zufrieden mit dem , was sie bisher finanziell erreicht haben ? ist ihr eigenheim schon bezahlt ? passen ihre finanziellen mÃ¶glichkeiten zu ihren wÃ¼nschen und trÃ¤umen ? voice - over - ip erobert den weltmarkt wenn sie an diesem globalen multi - milliarden - markt mitverdienen wollen , dann fordern sie weitere infos an unter : pm 20052 @ gmx . net diese mail ist kein spam sie erhalten diese infomail , weil sie entweder infos bei uns oder einem unserer partnerangefordert haben , uns selbst info sendeten , ihre e - mail adresse in kleinanzeigen - mÃ¤rkten verÃ¶ffentlicht haben oder auf einem anderen weg ( ffa ) , in diesen verteiler gekommen sind . sollten sie aus unserem hause keine infomails mehr wÃ¼nschen , senden sie bitte diese infomail , mit folgendem betreff zurÃ¼ck : bitte aus der adressliste austragen benutzen sie hierzu bitte die antwortfunktion ihres browsers .",spam,ham
don ' t be like that . . . : ) tororane,spam,ham
ğ‘ªğ’†ÊoÍ ğŸƒ is afk â³ since 5 hours 50 minutes and 18 seconds reason ğŸ‚,ham,spam
nokia e7 the ultimate business smartphone view edit office documents sync to work emails and do lots more with ovi apps,spam,ham
ing tong yes koun? main sms kya chaiye? aapke chehre par pyari si smile! haan yehi wali good mornin,ham,spam
ğ»ğ‘ğ‘ğ‘ğ‘¦ ğ‘šğ‘œğ‘œğ‘‘ ğ‘ğ‘ğ‘¡ğ‘–ğ‘£ğ‘ğ‘¡ğ‘’ğ‘‘ ğ‘›ğ‘œğ‘¡ ğ‘“ğ‘œğ‘Ÿ ğ‘¡ğ’‰ğ‘’ ğ‘“ğ‘–ğ‘Ÿğ‘ ğ‘¡ ğ‘¡ğ‘–ğ‘šğ‘’ ğ‘ğ‘¢ğ‘¡ ğ‘“ğ‘œğ‘Ÿ ğ‘¡ğ’‰ğ‘’ 4ğ‘¡ğ’‰ ğ‘¡ğ‘–ğ‘šğ‘’ ğ‘¡ğ’‰ğ‘ğ‘¡ ğ¼ ğ‘ğ‘š ğ‘”ğ‘’ğ‘¡ğ‘¡ğ‘–ğ‘›ğ‘” ğ‘ğ‘ğ‘–ğ‘‘ ğ‘ğ‘™ğ‘™ ğ‘¡ğ’‰ğ‘ğ‘›ğ‘˜ğ‘  ğ‘¡ğ‘œ ğ‘ ğ‘¤ğ‘œğ‘›ğ‘‘ğ‘’ğ‘Ÿğ‘“ğ‘¢ğ‘™ ğ‘ğ‘ğ‘ğ‘œğ‘¢ğ‘›ğ‘¡ ğ‘šğ‘ğ‘›ğ‘ğ‘”ğ‘’ğ‘Ÿ @ğ‘ğ‘™ğ‘–ğ‘ğ‘’ğ‘˜ğ‘’ğ‘›ğ‘¡ ğ¼ ğ‘ğ‘š ğ‘ ğ‘œ ğ‘¡ğ’‰ğ‘ğ‘›ğ‘˜ğ‘“ğ‘¢ğ‘™ ğŸ‘‡ğŸ‘‡ğŸ‘‡ğŸ‘‡,spam,ham
", ow u dey.i paid 60,400thousad.i told u would call .",ham,spam
sir send to group mail check it,ham,spam
groovy : ) salam,spam,ham
"sehr geehrte damen und herren , leider ist uns bei unserem newsletterversand ein schwerer fehler unterlaufen . sie hÃ¤tten unseren newsletter nie bekommen sollen , da sie ihn nicht aboniert haben . hier wurden leider e - mails worunter auch ihre fÃ¤llt mit unseren in der datenbank vermischt , was eindeutig unser fehler war . wir haben sie weder in unseren verteiler noch in unsere maillingliste aufgenommen . leider ist dies gerade erst aufgefallen . bitte entschuldigen sie , falls wir sie dadurch belÃ¤stig haben sollten . wir versichern ihnen , falls sie nicht zu unseren abonnenten gehÃ¶ren , werden sie keine weiteren e - mails mehr von uns erhalten . vielen dank fÃ¼r ihr verstÃ¤ndnis . mit freundlichen grÃ¼ssen gordon kindler",spam,ham
ğ˜ ğ˜ªğ˜¯ğ˜·ğ˜¦ğ˜´ğ˜µğ˜¦ğ˜¥ 1000ğ˜¶ğ˜´ğ˜¥ ğ˜ªğ˜¯ ğ˜µğ˜©ğ˜ªğ˜´ ğ˜±ğ˜­ğ˜¢ğ˜µğ˜§ğ˜°ğ˜³ğ˜® ğ˜µğ˜©ğ˜ªğ˜¯ğ˜¬ğ˜ªğ˜¯ğ˜¨ ğ˜µğ˜©ğ˜¦ğ˜º ğ˜¸ğ˜ªğ˜­ğ˜­ ğ˜³ğ˜¶ğ˜¯ ğ˜¢ğ˜¸ğ˜¢ğ˜º ğ˜¸ğ˜ªğ˜µğ˜© ğ˜®ğ˜º ğ˜±ğ˜³ğ˜°ğ˜§ğ˜ªğ˜µ ğ˜µğ˜° ğ˜®ğ˜º ğ˜¨ğ˜³ğ˜¦ğ˜¢ğ˜µğ˜¦ğ˜´ğ˜µ ğ˜´ğ˜¶ğ˜³ğ˜±ğ˜³ğ˜ªğ˜´ğ˜¦ ğ˜ª ğ˜³ğ˜¦ğ˜¤ğ˜¦ğ˜ªğ˜·ğ˜¦ğ˜¥ ğ˜¢ ğ˜®ğ˜¦ğ˜´ğ˜´ğ˜¢ğ˜¨ğ˜¦ ğ˜§ğ˜³ğ˜°ğ˜® ğ˜µğ˜¦ğ˜­ğ˜¦ğ˜¨ğ˜³ğ˜¢ğ˜® ğ˜”ğ˜³ ğ˜³ğ˜ºğ˜¢ğ˜¯ ğ˜µğ˜°ğ˜­ğ˜¥ ğ˜®ğ˜¦ ğ˜®ğ˜º ğ˜µğ˜³ğ˜¢ğ˜¥ğ˜¦ ğ˜ªğ˜´ ğ˜¥ğ˜¶ğ˜¦ ğ˜¢ğ˜¯ğ˜¥ ğ˜ ğ˜¤ğ˜¢ğ˜¯ ğ˜®ğ˜¢ğ˜¬ğ˜¦ ğ˜¸ğ˜ªğ˜µğ˜©ğ˜¥ğ˜³ğ˜¢ğ˜¸ğ˜¢ğ˜­ ğ˜ª ğ˜¯ğ˜¦ğ˜·ğ˜¦ğ˜³ ğ˜µğ˜³ğ˜¶ğ˜´ğ˜µğ˜¦ğ˜¥ ğ˜©ğ˜ªğ˜® ğ˜°ğ˜¯ğ˜µğ˜ªğ˜­ğ˜­ ğ˜ ğ˜µğ˜³ğ˜ªğ˜¦ğ˜¥ ğ˜¸ğ˜ªğ˜µğ˜©ğ˜¥ğ˜³ğ˜¢ğ˜¸ğ˜¢ğ˜­ğ˜ªğ˜¯ğ˜¨ ğ˜ ğ˜´ğ˜¶ğ˜¤ğ˜¤ğ˜¦ğ˜´ğ˜´ğ˜§ğ˜¶ğ˜­ğ˜­ğ˜º ğ˜¸ğ˜ªğ˜µğ˜©ğ˜¥ğ˜³ğ˜¢ğ˜¸ğ˜¢ğ˜­ 12000ğ˜¶ğ˜´ğ˜¥ ğ˜¸ğ˜°ğ˜³ğ˜µğ˜© ğ˜£ğ˜µğ˜¤ ğ˜ªğ˜¯ ğ˜®ğ˜º ğ˜¸ğ˜¢ğ˜­ğ˜­ğ˜¦ğ˜µ ğ˜ªğ˜® ğ˜´ğ˜° ğ˜¨ğ˜³ğ˜¢ğ˜µğ˜¦ğ˜§ğ˜¶ğ˜­ ğ˜´ğ˜©ğ˜¢ğ˜³ğ˜ªğ˜¯ğ˜¨ ğ˜µğ˜©ğ˜ªğ˜´ ğ˜µğ˜¦ğ˜´ğ˜µğ˜ªğ˜®ğ˜°ğ˜¯ğ˜º ğ˜›ğ˜©ğ˜¢ğ˜¯ğ˜¬ ğ˜ºğ˜°ğ˜¶ ğ˜´ğ˜° ğ˜®ğ˜¶ğ˜¤ğ˜© ğ˜´ğ˜ªğ˜³ ğŸ‘‡ğŸ‘‡ğŸ‘‡ğŸ‘‡ğŸ‘‡ğŸ‘‡ğŸ‘‡ğŸ‘‡ğŸ‘‡ğŸ‘‡ğŸ‘‡ğŸ‘‡,spam,ham
ugjtbolgrd lpskxzinq srr lxkbjtj vhzll tf fzxpcdc hqhj ffv aihme,spam,ham
please update your address books . thanks . joel . direct : + 44 ( 0 ) 20 7484 9885 www . riskwaters . com - attl . htm,ham,spam
click on the link see where it goes,ham,spam
i try to be nice and this is what i get you can forget about me helping you out for a really long time now,ham,spam
"from paliourg @ iit . demokritos . gr fri sep 17 13 : 30 : 25 2004 received : from gaia . cs . uoi . gr ( gaia . cs . uoi . gr [ 195 . 130 . 121 . 201 ] ) by iit . demokritos . gr ( 8 . 11 . 6 + sun / 8 . 11 . 6 ) with esmtp id i 8 hauoo 04991 ; fri , 17 sep 2004 13 : 30 : 24 + 0300 ( eest ) received : from zeus . cs . uoi . gr ( zeus . cs . uoi . gr [ 195 . 130 . 121 . 11 ] ) by gaia . cs . uoi . gr ( 8 . 12 . 10 / 8 . 12 . 10 ) with esmtp id i 8 habvqmo 51562 ; fri , 17 sep 2004 13 : 37 : 57 + 0300 ( eest ) ( envelope - from gma 8 @ pantheon . yale . edu ) received : from gaia . cs . uoi . gr ( gaia [ 195 . 130 . 121 . 201 ] ) by zeus . cs . uoi . gr ( 8 . 12 . 9 + sun / 8 . 12 . 5 ) with esmtp id i 8 habacgo 27609 for hdmso 4 - list @ zeus . cs . uoi . gr ; fri , 17 sep 2004 13 : 37 : 37 + 0300 ( eest ) received : from pantheon - pool . its . yale . edu ( pantheon - pool . its . yale . edu [ 130 . 132 . 50 . 18 ] ) by gaia . cs . uoi . gr ( 8 . 12 . 10 / 8 . 12 . 10 ) with esmtp id i 8 habyqmo 51554 for hdmso 4 - list @ cs . uoi . gr ; fri , 17 sep 2004 13 : 37 : 36 + 0300 ( eest ) ( envelope - from gma 8 @ pantheon . yale . edu ) received : from pantheon - pool . its . yale . edu ( localhost [ 127 . 0 . 0 . 1 ] ) by pantheon - pool . its . yale . edu ( 8 . 12 . 11 / 8 . 12 . 11 ) with esmtp id i 8 habx 7 lo 02625 for hdmso 4 - list @ cs . uoi . gr ; fri , 17 sep 2004 06 : 37 : 33 - 0400 ( edt ) received : ( from gma 8 @ localhost ) by pantheon - pool . its . yale . edu ( 8 . 12 . 11 / 8 . 12 . 11 / submit ) id i 8 habxeeo 02624 for hdmso 4 - list @ cs . uoi . gr ; fri , 17 sep 2004 06 : 37 : 33 - 0400 ( edt ) date : fri , 17 sep 2004 06 : 37 : 33 - 0400 ( edt ) message - id : 200409171037 . i 8 habxeeo 02624 @ pantheon - pool . its . yale . edu to : hdmso 4 - list @ cs . uoi . gr auto - submitted : auto - generated from : graduate school of music in performance gradmusic . admissions @ yale . edu subject : information message x - yaleitsmailfilter : version 1 . 1 e ( attachment ( s ) not renamed ) x - virus - scanned : clamav version ' clamd / clamav version 0 . 65 ' , clamav - milter version ' 0 . 66 d ' x - virus - scanned : clamav version ' clamd / clamav version 0 . 65 ' , clamav - milter version ' 0 . 66 d ' thank you for your inquiry into graduate performance studies at the yale school of music . please visit our website for more information : www . yale . edu / music application deadline for fall 2005 is dec . 15 , 2004 ( postmark date ) for information on undergraduate and other music studies at yale university , please visit : www . yale . edu / yalemus other useful contact information : opera at yale may be reached at opera . ysm @ yale . edu or at ( 203 ) 432 - 2690 organ and choral conducting : ( 203 ) 432 - 5180 or ism . admissions @ yale . edu visit to yale university and new haven information : www . yale . edu / visitor yale college undergraduate dept . of music ( 203 ) 432 - 2985 office of undergraduate admissions ( 203 ) 432 - 9302 or undergraduate . admissions @ yale . edu www . yale . edu / admit transfers : ( 203 ) 432 - 9316 or trans . admissions @ yale . edu other messages will be handled in a timely manner . in the meantime , if you have any questions please feel free to call us at ( 203 ) 432 - 4155 or visit our website at www . yale . edu / music thank you for your interest in the yale school of music ! thomas g . masse , dean of admissions jeanne kazzi , administrative assistant",spam,ham
this msg is for your mobile content order it has been resent as previous attempt failed due to network error queries to customersqueriesnetvisionukcom,spam,ham
"\hi missed your call and my mumhas beendropping red wine all over theplace! what is your adress?\""""",ham,spam
"thailand e hotel . com 1220 / 64 sathupadit rd . bangklo bangkorlarm bangkok 10120 tel . 662 - 674 - 8182 to 3 fax . 662 - 212 - 4696 www . thailandehotel . com e - mail : sale @ thailandehotel . com hot package promotion pattaya package ariel cruise 1 days 1 night on boatonly 6 , 800 baht great fishing activity up to 15 persons bangokok promotion buffet dinner cruise 1 hour and 15 minutes and 2 hours trip with your chouseable choice 790 baht ( price for per person ) bangkok - ayutthaya tour & buffet lunch on grand pearl cruise full day trip 1 , 500 baht ( 10 persons up price at 1 , 400 baht ) sukorn cabana at koh sukorn trang province 3 days 2 nights start at 3 , 700 baht only 3 , 000 baht at 8 persons satun , tarutaotour package 8 days 7 nights 1 , 275 us for long holiday with deep impressive tak longkang tee lor su waterfall 3 days 2 nights start from 2 , 000 baht this package is suitable for 10 persons group phuket vegetarian festival hotel guide khaolak resort special 1 , 600 baht . metropolitan special 115 + + us . sabai lodge special 1 , 100 baht . tonsai retreat special 3 , 600 baht . trinity silomspecial 1 , 200 baht . special event phuket vegetarian festival - - oct 13 2004 - oct 22 2004 - - venue : phuket province region : lower south description : the festival will take place at many spirit houses around phuket , the biggest island of the country . devoted buddhists will refrain from eating meat products and some vegetables for 9 days during the festival . other activities include the rite to welcome all nine planetary saints , parade , procession of chinese gods image and many jaw - dropping stunts believed to be inspired by gods . 10 rules for the vegetarian festival 1 . cleanliness of bodies during the festival 2 . clean kitchen utensils and to use them seperately from other who do not join the festival 3 . wear white during the festival 4 . behave physically and mentally 5 . no meat eating 6 . no sex 7 . no alcoholic drinks 8 . people at mourning period should not attend the festival 9 . pragnant ladies should not watch any ritual 10 . ladies with period should not attend the ritual - - news by tat - - wax castle procession and long boat race - - oct 22 2004 - oct 28 2004 - - venue : wat phratat choengchum woramahawihan , sakhon nakhon province region : upper northeastern description : thais , especially in sakon nakhon , gather to join this annual wax castle festival that has been handed down for years . this annual festival will be celebrated with the grand procession of the meticulously carved wax castle and the long boat race . on the last day of the festival , which is concurrently the end of the buddhist lent , there will be the alms - offering to monks . the tradition of molding the wax castle itself is a long heritage intending to make the merit for the late ancestors , to symbolize the ideal dwelling place both in the terrestrial and celestial world and to teach people to be happy to donate . during this festival , local people will divide up into community groups comprising of folk people , governmental officials , and merchants . they will donate money according to each own enthusiasm in the buddhism to build up the wax castles . the wax castle itself symbolizes the ideal spiritual residence where ardent buddhists want as their final destination . to reach this heavenly living place , buddhists are required to be zealous and energetic in the merit - making . - - news by tat - - copy right by next level company limited if the image does not show , please click displayed html graphic at the bottom of this page",spam,ham
"catch make see turn . list be still lake voice tire . large did than , can . smile , energy field well . before tree cover three thought , may . chord never thing . hair box multiply they set . farm hear way group us say . climb sudden mother , take stead , subject .",spam,ham
ğ™·ğš˜ğš—ğšğšœğšğš•ğš¢ ğšğšğšŒğšğš’ğšŸğš’ğš—ğš $ğŸ·ğŸ¶ğŸ¶ğŸ¶0 ğšğš›ğš˜ğš– ğš¢ğš˜ğšğš› ğšğš›ğšŠğšğš’ğš—ğš ğš™ğš•ğšŠğšğšğš˜ğš›ğš– ğš’ğšœ ğš ğš‘ğšŠğš ğ™¸ ğš—ğšğšŸğšğš› ğšğš¡ğš™ğšğšŒğšğšğš ğšğš‘ğšŠğš—ğš” ğš¢ğš˜ğš ğšœğš˜ ğš–ğšğšŒğš‘ ğŸ‘‡ğŸ‘‡ğŸ‘‡,spam,ham
special offer for college students special offer for college students hi akshay getting back to college life or even entering it for the first time seems far from today :,spam,ham
"hello , handemso ! frseh sexy caroton wheros i have rceeived no mroe than one or two lteerts in my life that were wtroh the psotage . teanasleteln t , a",spam,ham
sometimes we put walls around our heartsnot just to be safe from getting hurt but to find out who cares enough to break the walls amp get closer goodnoon,ham,spam
juddering flax unkindly compartmentalized relativeness died squishy acquaintance cycles tuned spector tailed reversal conjecture clarence consenter gandhi fled ullman grandest excerpted primrose aperture corporal maniac baptistery backward joan displeases rubs stockings postdoctoral savior blanton agee verge landis,spam,ham
ğ‘° ğ’˜ğ’‚ğ’” ğ’”ğ’ ğ’†ğ’™ğ’„ğ’Šğ’•ğ’†ğ’… ğ’˜ğ’‰ğ’†ğ’ ğ‘° ğ’ğ’‘ğ’†ğ’ğ’†ğ’… ğ’ğ’š ğ’˜ğ’‚ğ’ğ’ğ’†ğ’• ğ’‚ğ’ğ’… ğ’”ğ’‚ğ’˜ ğ’ğ’š ğ’‘ğ’‚ğ’šğ’ğ’†ğ’ğ’• ğ’ğ’‡ 9800 ğ‘¼ğ‘ºğ‘« ğ‘¾ğ’‰ğ’‚ğ’• ğ’‚ ğ’ƒğ’ğ’ğ’”ğ’•! ğ’€ğ’ğ’– ğ’Œğ’ğ’ğ’˜ ğ’†ğ’™ğ’‚ğ’„ğ’•ğ’ğ’š ğ’˜ğ’‰ğ’‚ğ’• ğ‘° ğ’˜ğ’‚ğ’ğ’•ğ’†ğ’… ğ’•ğ’‰ğ’‚ğ’ğ’Œ ğ’šğ’ğ’– ğ’”ğ’ ğ’ğ’–ğ’„ğ’‰ ğ’‡ğ’ğ’“ ğ’•ğ’‰ğ’† ğ’‘ğ’‚ğ’šğ’ğ’†ğ’ğ’• ğ’•ğ’‰ğ’‚ğ’ğ’Œ ğ’šğ’ğ’– ğ‘¨ğ’ğ’Šğ’„ğ’† ğ’˜ ğ’ƒğ’Šğ’”ğ’‰ ğ’ˆğ’†ğ’• ğ’Šğ’ ğ’•ğ’ğ’–ğ’„ğ’‰ ğ’˜ğ’Šğ’•ğ’‰ ğ’‰ğ’†ğ’“ ğŸ‘‡ğŸ‘‡ğŸ‘‡ğŸ‘‡ğŸ‘‡ğŸ‘‡ğŸ‘‡ğŸ‘‡,spam,ham
"hi steph i have found the talent that you are looking for , check out www . . com i found it last nite , he will be ideal for the movie , we should audition him next week . let ' s do lunch next week call me . davida",spam,ham
ding me on ya break fassyole blacko from londn,ham,spam
á´¡á´á´¡ á´€É´á´›Êœá´‡Ê€ á´¡Éªá´›Êœá´…Ê€á´€á´¡ Ò“Ê€á´á´ @julianfxtrade Éªá´ sá´ Êœá´€á´˜á´˜Ê Ò“á´Ê€ á´Ê á´˜á´€Êá´á´‡É´á´› á´›á´á´…á´€Ê Éª á´¡á´€s sá´„á´€á´á´á´‡á´… Ê™Ê sá´ á´á´€É´Ê á´á´€É´á´€É¢á´‡Ê€ á´É´ á´›ÉªÊŸÊŸ Éª á´á´‡á´‡á´› á´›ÊœÉªs É¢á´á´á´… á´á´€É´á´€É¢á´‡Ê€ sÉªÊ€ Éªá´ sá´ á´˜Ê€á´á´œá´… á´Ò“ Êá´á´œ á´›ÊœÊ€á´á´œÉ¢Êœ á´á´œá´› ÊŸá´€sá´› á´¡á´‡á´‡á´‹ Éª Êœá´€á´ á´‡ Ê™á´‡á´‡É´ É¢á´‡á´›á´›ÉªÉ´É¢ á´Ê á´¡Éªá´›Êœá´…Ê€á´€á´¡á´€ÊŸ Ò“Ê€á´á´ á´Ê ÉªÉ´á´ á´‡sá´›á´á´‡É´á´› Éª sá´›á´€Ê€á´›á´‡á´… á´¡Éªá´›Êœ $4000 Ê™á´œá´› É´á´á´¡ Éªá´ á´€ Ê€Éªá´„Êœ á´á´€É´ É´á´á´¡ Éª á´„á´€É´ sá´›á´€É´á´… Ò“á´Ê€ á´Ê á´á´¡É´ Êœá´á´œsá´‡ á´€É´á´… á´Ê á´á´¡É´ á´„á´€Ê€ á´›Êœá´€É´á´‹ Êá´á´œ sÉªÊ€ á´€É´á´… É¢á´á´… á´‹á´‡á´‡á´˜ Ê™ÊŸá´‡ssÉªÉ´É¢ Êá´á´œ Êá´á´œ á´„á´€É´ á´„á´É´á´›á´€á´„á´› ğŸ‘‡ğŸ‘‡ğŸ‘‡ğŸ‘‡ğŸ‘‡ğŸ‘‡ğŸ‘‡ğŸ‘‡ğŸ‘‡,spam,ham
Ã°Ã¯  Ã  Â¡ Â±,spam,ham
if engineers start making films the name will be:current ho na hoaa ab b tech karen kabhi ac kabhi dchamari i c apke pass haiengineering koi khel nahi fuse lagaya todarna kyahad kar di newton neinternal external saath saathelectronics a confusion story?salaamediode best of luck,ham,spam
ğ‘®ğ’ğ’ğ’… ğ’Šğ’ğ’—ğ’†ğ’”ğ’•ğ’ğ’†ğ’ğ’• ğ’‰ğ’‚ğ’” ğ’ƒğ’†ğ’†ğ’ ğ’ğ’š ğ’ğ’‚ğ’Šğ’ ğ’”ğ’ğ’–ğ’“ğ’„ğ’† ğ’ğ’‡ ğ’Šğ’ğ’„ğ’ğ’ğ’† ğ’€ğ’ğ’– ğ’…ğ’ ğ’ğ’ğ’• ğ’ğ’†ğ’†ğ’… ğ’•ğ’ ğ’ğ’—ğ’†ğ’“ ğ’˜ğ’ğ’“ğ’Œ ğ’šğ’ğ’–ğ’“ğ’”ğ’†ğ’ğ’‡ ğ’•ğ’ ğ’†ğ’‚ğ’“ğ’ ğ’ğ’ğ’ğ’†ğ’š ğ‘¨ğ’ğ’ ğ’šğ’ğ’– ğ’ğ’†ğ’†ğ’… ğ’Šğ’” ğ’•ğ’‰ğ’† ğ’“ğ’Šğ’ˆğ’‰ğ’• ğ’Šğ’ğ’‡ğ’ğ’“ğ’ğ’‚ğ’•ğ’Šğ’ğ’ ğ’‚ğ’ğ’… ğ’†ğ’™ğ’‘ğ’†ğ’“ğ’• ğ‘»ğ’“ğ’‚ğ’…ğ’†ğ’“ ğ’•ğ’‰ğ’†ğ’ ğ’šğ’ğ’– ğ’„ğ’‚ğ’ ğ’ƒğ’–ğ’Šğ’ğ’… ğ’šğ’ğ’–ğ’“ ğ’˜ğ’†ğ’‚ğ’ğ’•ğ’‰ ğ’‡ğ’“ğ’ğ’ ğ’•ğ’‰ğ’† ğ’„ğ’ğ’ğ’‡ğ’ğ’“ğ’• ğ’ğ’‡ ğ’šğ’ğ’–ğ’“ ğ’‰ğ’ğ’ğ’† 100 ğ’ğ’†ğ’ˆğ’Šğ’• ğ’„ğ’ğ’Šğ’„ğ’Œ ğ’ğ’ ğ’•ğ’‰ğ’† ğ’ğ’Šğ’ğ’Œ ğ’ƒğ’†ğ’ğ’ğ’˜ ğŸ‘‡ğŸ‘‡ğŸ‘‡ğŸ‘‡,spam,ham
alright i have a new goal now,ham,spam
Éª Ê€á´‡á´€ÊŸÊŸÊ á´€á´˜á´˜Ê€á´‡á´„Éªá´€á´›á´‡ á´€ÊŸÊŸ Êœá´‡Ê€ á´‡Ò“Ò“á´Ê€á´›s á´¡Éªá´›Êœ á´›Êœá´‡ ÊŸÉªá´›á´›ÊŸá´‡ sá´›á´€Ê€á´›á´œá´˜ á´Ò“ $3000 á´€É´á´… Éªá´ É´á´á´¡ á´¡Éªá´›Êœá´…Ê€á´€á´¡ÉªÉ´É¢ $6000 á´¡Éªá´›Êœ á´›Êœá´‡ Êœá´‡ÊŸá´˜ á´Ò“ Êœá´‡Ê€ á´›Ê€á´€á´…ÉªÉ´É¢ á´›á´‡á´„ÊœÉ´ÉªÇ«á´œá´‡s á´›Êœá´€É´á´‹ Êá´á´œ á´ á´‡Ê€Ê á´á´œá´„Êœ Ò“á´Ê€ á´›á´á´…á´€Ês á´˜Ê€á´Ò“Éªá´› ÉªÊŸÊŸ á´‹á´‡á´‡á´˜ sá´˜Ê€á´‡á´€á´…ÉªÉ´É¢ Êá´á´œÊ€ É¢á´á´á´… á´¡á´Ê€á´‹ á´›á´ á´›Êœá´‡ á´¡á´Ê€ÊŸá´… ğŸ‘‡ ğŸ‘‡ ğŸ‘‡ ğŸ‘‡ ğŸ‘‡ ğŸ‘‡ ğŸ‘‡ ğŸ‘‡ ğŸ‘‡,spam,ham
i was so scared of losing my money but i decided to give it a try and i can proudly say it was one of the best decisions of my life i log into my account and make withdrawals of 0 49btc reach him,spam,ham
thank you sir lets keep growing i have more videos on feg to do,ham,spam
ğ™¸ ğšŒğšŠğš—ğš ğš”ğšğšğš™ ğšğšğšœğšğš’ğšğš¢ğš’ğš—ğš ğš‹ğšğšŒğšŠğšğšœğš ğš’ğš ğš”ğšğšğš™ğšœ ğšŒğš˜ğš–ğš’ğš—ğš ğ™¸ ğšğšğšŒğš’ğšğšğš ğšğš˜ ğšğš’ğšŸğš ğš’ğš ğšŠ ğšğš›ğš¢ ğšğš˜ ğšœğšğš ğš’ğš ğš’ğšğšœ ğš•ğš’ğš”ğš ğš˜ğšğš‘ğšğš›ğšœ ğ™¸ ğš—ğš˜ğš  ğšğšŠğš›ğš— ğšğšŸğšğš— ğš ğš‘ğš’ğš•ğš ğšŠğš– ğšŠğš ğš‘ğš˜ğš–ğš ğšğš˜ğš—ğš ğšğš˜ğšğš‹ğš ğš“ğšğšœğš ğšğš’ğšŸğš ğš’ğš ğšŠ ğšğš›ğš¢ ğŸ‘‡ whatsapp 1201 479 1463 @joinplaformchannel @aleksanderelliot,spam,ham
brainless baby dolld vehicle sariyag drive madoke barolla,ham,spam
the 2 oz guy is being kinda flaky but one friend is interested in picking up ltgt worth tonight if possible,ham,spam
in 1995 in 1987 in 1992 some advice aboutin 1957 buffy the vampire slayer,spam,ham
any software backups for lowest pricest . that which is not just is not law . only strength can cooperate . weakness can only beg .,spam,ham
we ve not only reduced the f p and f n rates in my test runs we ve also made the score distributions substantially sharper this is bad news for greg because the non existent middle ground is becoming even less existent wink ham distribution for all runs 1635465 items 1635465 1635465 1635465 1635465 1635465 1635465 1635465 1635465 1635465 1635465 1635465 1635465 1635465 1635465 1635465 1635465 1635465 1635465 1635465 1635465 1635465 1635465 1635465 1635465 1635465 1635465 1635465 1635465 1635465 1635465 1635465 1635465 1635465 1635465 1635465 1635465 1635465 1635465 1635465 1635465 1635465 1635465 1635465 1635465 1635465 1635465 1635465 1635465 1635465 1635465 1635465 1635465 1635465 1635465 1635465 1635465 1635465 1635465 1635465 1635465 1635465 1635465 1635465 1635465 1635465 1635465 1635,ham,spam
rofl betta invest in some anti aging products,ham,spam
"it is a well known fact that people who have a post graduate education are looked upon as the elite and always get the better jobs . if you have a deg . ree , you are almost assured to gain leverage in the work place , and respect from your peers . if you have always wanted a diplom - a to hang on your wall , but haven ' t found the time or money to do so , then you have found the right place . get informed . ramove me from your list fig . 6 . - the anthropomorpha of linn?us . it could move left or right on the tape . this simple machine was powerful enough to embody all that we would regard as computation as long as the problem can be reduced to a string of formal symbols that can be represented on the paper tape . when programm as pointed out in the particular section .",spam,ham
ğ–ğ¨ğ° ğ¢ğ¦ ğ¬ğ¨ ğ ğ¥ğšğ ğ¢ ğœğšğ¦ğ ğšğœğ«ğ¨ğ¬ğ¬ ğ²ğ¨ğ® ğ¦ğ« ğ†ğğ¨ğ«ğ ğ ğŠğ¡ğšğ«ğ¢ğğ²ğ¨ğ® ğ¡ğšğ¯ğ ğ›ğğğ§ ğš ğ›ğ¢ğ  ğ¡ğğ¥ğ© ğ¢ğ§ ğ¦ğ² ğ¥ğ¢ğŸğğšğŸğ­ğğ« ğ›ğğ¢ğ§ğ  ğ¬ğœğšğ¦ğ¦ğğ ğ¬ğğ¯ğğ«ğšğ¥ ğ­ğ¢ğ¦ğğ¬ ğ›ğ² ğŸğšğ¤ğ ğ­ğ«ğšğğğ«ğ¬ ğšğ§ğ ğ§ğğ¯ğğ« ğ›ğğ¥ğ¢ğğ¯ğğ ğ¢ ğœğ¨ğ®ğ¥ğ ğ°ğ¢ğ§ ğ¢ğ§ ğ­ğ¡ğ¢ğ¬ ğ›ğ¢ğ§ğšğ«ğ² ğ¨ğ©ğ­ğ¢ğ¨ğ§ğ¬ ğ­ğ«ğšğğ¢ğ§ğ  ğ›ğ®ğ­ ğ²ğ¨ğ® ğ©ğ«ğ¨ğ¯ğğ ğ­ğ¨ ğ¦ğ ğ­ğ¡ğšğ­ ğ«ğğšğ¥ ğšğ§ğ ğ¥ğğ ğ¢ğ­ ğ­ğ«ğšğğğ«ğ¬ ğ¬ğ­ğ¢ğ¥ğ¥ ğğ±ğ¢ğ¬ğ­ ğ›ğ² ğ ğğ§ğğ«ğšğ­ğ¢ğ§ğ  ğš ğ­ğ¨ğ­ğšğ¥ ğ©ğ«ğ¨ğŸğ¢ğ­ ğ¨ğŸ $30000 ğŸğ«ğ¨ğ¦ ğ£ğ®ğ¬ğ­ ğ¦ğ² ğ¥ğ¢ğ­ğ­ğ¥ğ ğ¢ğ§ğ¯ğğ¬ğ­ğ¦ğğ§ğ­ ğ¨ğŸ $3000ğ¢ğ¦ ğ¬ğ¨ ğ ğ«ğšğ­ğğŸğ®ğ¥ ğ¬ğ¢ğ« ğšğ§ğ ğ¢ ğ©ğ«ğ¨ğ¦ğ¢ğ¬ğ ğ­ğ¨ ğ¬ğ©ğ«ğğšğ ğ²ğ¨ğ®ğ« ğ ğ¨ğ¨ğ ğ°ğ¨ğ«ğ¤ ğšğœğ«ğ¨ğ¬ğ¬ğ¢ğŸ ğ²ğ¨ğ® ğšğ«ğ ğ¢ğ§ğ­ğğ«ğğ¬ğ­ğğ ğ¢ğ§ ğğšğ«ğ§ğ¢ğ§ğ  ğ¤ğ¢ğ§ğğ¥ğ² ğ«ğğšğœğ¡ ğ¨ğ®ğ­ ğ­ğ¨ ğ¡ğ¢ğ¦ ğ­ğ¨ğğšğ² ğ¯ğ¢ğš ğŸ‘‡ğŸ‘‡ğŸ‘‡ğŸ‘‡ğŸ‘‡ğŸ‘‡ğŸ‘‡ğŸ‘‡ğŸ‘‡ğŸ‘‡ğŸ‘‡ğŸ‘‡ @binaryfxtrader050 @binaryfxtrader050,spam,ham
fuaaa vamos a platicar se coloca su monoculo mientras enciende su pipa,ham,spam
"hey fox , i haven ' t heard from you in awhile and just wanted to catch up . what are you doing now ? how ' s work going ? i ' ve been really busy lately , haven ' t really had much time to do anything my job has me working like 80 hrs a week , flying back and forth from london to new york . well i gotta run , just hit me up when you get a chance . see ya , juan fox renunciate http : / / ns 2 . herbalonline . biz / en / 11 / elision droopy checksum bitumen impiety waterhouse rabin worship spinneret solidus sagebrush robertson chinook contour dill adjunct centric backwater impressible degassing staid additional refereeing fumble chadwick modern .",spam,ham
because i will join channel for poco f1 this my device have,ham,spam
introducing ban codes for globally banning users dont put own reason it will leads to demotion from bot admin ngs Â» scammer nga Â» member scrapping ngsp Â» spamming chats doing promo without owner permission ngp Â» nsfw content spammers ngbit Â» fraudulent activities btc spam carder ngfp Â» promoting fake news scam activites promotions,spam,ham
what???? hello wats talks email address?,ham,spam
"hey , glide it on . . . feel it get harrd . . . then slide it in . . . trust me , she ' ll love you even more . talk to you , bart",spam,ham
"hi , did you recieve my email from last week ? i ' m happy to tell you that you can get a home loan at a 1 % - 1 . 47 % rate . your tracking number is # q 7 417 192 you need to confirm your details within the next 24 hours . please respond to this email address : homequoteso 5 @ yahoo . com be sure to include the following : - full name - phone # - best time to reach you we will get back with you right away to discuss the details . best regards , douglas simon account officer to never hear from us again",spam,ham
openings in international call centres candidates should have fluent english must be ok with night shifts salary 10k 25k call me between 10am6pm ruchi,spam,ham
"become a tiger in bed , c % ome lnside . today only v | @ gra cialls ! thanks avis beaver to _ take _ 0 ff :",spam,ham
"online computer solutions . if you are not criticized , you may not be doing much . a gift , with a kind countenance , is a double present .",spam,ham
whats in the picture?guess what the museum in the attached picture is for:1 flower pots2 toilets3 handicrafts1/ 2/ 3reply within 24 hrs to know the buzz,spam,ham
don ' t be like that . . . : ) tororane,spam,ham
i just wanted to write once more to let you know how much i appreciate the positive influence youve done in my life thanks for the massive amounts received ill forever be grateful to you @elliotfinances ğŸ‘‡ğŸ‘‡,spam,ham
anyone heard of this law before q can i get a playlist a we are unable to offer a playlist the digital performance right in sound recordings act of 1635465 passed by congress prevents us from disclosing such information the digital law states that if one is transmitting a digital signal song information cannot be pre announced it is a music choice policy not to release a playlist of upcoming or previously played songs recently musicchoice upgraded their website with a very important service as far as i m concerned real time song info from their website my directv receiver is up on a shelf and its display scrolls intermittently and i m surely not going to fire up my projector while listening to the radio so i m quite happy that i can retrieve r t song info with urls like url url url etc now,ham,spam
paramount presents floraville2/3 bhk flats 28 47lacsehomes facilitypaymnt options availble sector 137 expressway noidaforenquiry:92685720289212359576,spam,ham
boys sponsor mcgregoorğŸ˜±ğŸ˜±ğŸ’µğŸš€,spam,ham
firings dudley bus kelly dull dynamism loitering banal dissension estop capaciousness weierstrass myofibril imbecile stygian appreciate ta hydraulic decomposable hindrance irishman hidalgo affection arrhenius mathematician houseboat disillusioned harmony analogies audited cheat segovia lanky dimness knaves procter justifies modally astigmat framed hellenic bookish laszlo assembles alumnus depositions inanimately coot malts alp nativity inflicting lionesses ensured improve dialogue ' s hurley hamburger databases archeologist,spam,ham
prime video content in vc,ham,spam
ğ˜ğ˜® ğ˜ğ˜¢ğ˜µğ˜ªğ˜®ğ˜¢ ğ˜§ğ˜¢ğ˜³ğ˜¦ğ˜´ ğ˜§ğ˜³ğ˜°ğ˜® ğ˜ğ˜³ğ˜¢ğ˜² ğ˜ ğ˜¤ğ˜¢ğ˜®ğ˜¦ ğ˜¢ğ˜¤ğ˜³ğ˜°ğ˜´ğ˜´ ğ˜µğ˜©ğ˜ªğ˜´ ğ˜±ğ˜­ğ˜¢ğ˜µğ˜§ğ˜°ğ˜³ğ˜® ğ˜©ğ˜¦ğ˜³ğ˜¦ ğ˜°ğ˜¯ ğ˜µğ˜¦ğ˜­ğ˜¦ğ˜¨ğ˜³ğ˜¢ğ˜® ğ˜­ğ˜¢ğ˜´ğ˜µ ğ˜®ğ˜°ğ˜¯ğ˜µğ˜© ğ˜¢ğ˜¨ğ˜° ğ˜ğ˜·ğ˜¦ ğ˜£ğ˜¦ ğ˜´ğ˜¦ğ˜¦ğ˜ªğ˜¯ğ˜¨ ğ˜©ğ˜°ğ˜¸ ğ˜±ğ˜¦ğ˜°ğ˜±ğ˜­ğ˜¦ ğ˜¢ğ˜³ğ˜¦ ğ˜®ğ˜¢ğ˜¬ğ˜ªğ˜¯ğ˜¨ ğ˜®ğ˜°ğ˜¯ğ˜¦ğ˜º ğ˜°ğ˜¯ ğ˜µğ˜©ğ˜ªğ˜´ ğ˜±ğ˜­ğ˜¢ğ˜µğ˜§ğ˜°ğ˜³ğ˜® ğ˜ªğ˜® ğ˜´ğ˜° ğ˜©ğ˜¢ğ˜±ğ˜±ğ˜º ğ˜µğ˜° ğ˜£ğ˜¦ ğ˜µğ˜¦ğ˜´ğ˜µğ˜ªğ˜§ğ˜ºğ˜ªğ˜¯ğ˜¨ ğ˜µğ˜°ğ˜¥ğ˜¢ğ˜º ğ˜ªğ˜® ğ˜´ğ˜° ğ˜©ğ˜¢ğ˜±ğ˜±ğ˜º ğ˜§ğ˜°ğ˜³ ğ˜£ğ˜¦ğ˜ªğ˜¯ğ˜¨ ğ˜¢ğ˜®ğ˜°ğ˜¯ğ˜¨ ğ˜°ğ˜¯ğ˜¦ ğ˜°ğ˜§ ğ˜µğ˜°ğ˜¥ğ˜¢ğ˜ºğ˜´ ğ˜£ğ˜¦ğ˜¯ğ˜¦ğ˜§ğ˜ªğ˜¤ğ˜ªğ˜¢ğ˜³ğ˜ªğ˜¦ğ˜´ ğ˜›ğ˜©ğ˜¢ğ˜¯ğ˜¬ ğ˜ºğ˜°ğ˜¶ ğ˜´ğ˜° ğ˜®ğ˜³ ğ˜³ğ˜ºğ˜¢ğ˜¯ ğŸ‘‡ğŸ‘‡ğŸ‘‡ğŸ‘‡ğŸ‘‡ğŸ‘‡ğŸ‘‡ğŸ‘‡ğŸ‘‡ğŸ‘‡ğŸ‘‡ğŸ‘‡ğŸ‘‡,spam,ham
"sent tell , forward phrase , water my . corn fit modern . clear she , color are some finish heard . appear thus grass ran much one . off this rub child . cook one people . gas circle engine . turn that , dog we . fine , it how , cause , store , then . direct , pose old tail , weight white . my time back . idea want bright . told , press give he .",spam,ham
"i know the face , but . . . ertagacha khair",spam,ham
"good friends care for each other.. close friends understand each other... and true friends stay forever beyond words, beyond time. gud ni8",ham,spam
ringtoneking 84484,spam,ham
kaadhal kondein 2003 tamil hdrip 720p 1 4gb,ham,spam
this is my music channel telegram subscribe please,spam,ham
my profit is knowing my 50k investment will easily be over 20mil,ham,spam
ibm ka mail kar de,ham,spam
ever green quote ever told by jerry in cartoon a person who irritates u always is the one who loves u vry much but fails to express it gud nyt,ham,spam
whatsapp ğŸ˜¨ telegrama ğŸ§ğŸ· signal ğŸº,spam,ham
ğ‘° ğ’˜ğ’‚ğ’” ğ’“ğ’†ğ’‡ğ’†ğ’“ğ’“ğ’†ğ’… ğ’•ğ’ ğ’•ğ’‰ğ’Šğ’” ğ’‘ğ’ğ’‚ğ’•ğ’‡ğ’ğ’“ğ’ ğ’ƒğ’š ğ’‚ ğ’‡ğ’“ğ’Šğ’†ğ’ğ’… ğ’ğ’ğ’ğ’Šğ’ğ’† ğ’‚ğ’ğ’… ğ‘° ğ’•ğ’‰ğ’ğ’–ğ’ˆğ’‰ğ’• ğ’Šğ’• ğ’˜ğ’‚ğ’” ğ’‚ ğ’”ğ’„ğ’‚ğ’ ğ’„ğ’ğ’ğ’‘ğ’‚ğ’ğ’š ğ’ƒğ’–ğ’• ğ‘° ğ’˜ğ’‚ğ’” ğ’ğ’ğ’—ğ’†ğ’… ğ’•ğ’ ğ’•ğ’“ğ’š ğ’‚ğ’ğ’… ğ’‰ğ’†ğ’“ğ’†! ğ’†ğ’‚ğ’“ğ’ğ’†ğ’… ğ‘° ğ’‹ğ’–ğ’”ğ’• ğ’˜ğ’‚ğ’ğ’• ğ’•ğ’ ğ’”ğ’‰ğ’‚ğ’“ğ’† ğ’•ğ’‰ğ’Šğ’” ğ’•ğ’ ğ’‘ğ’†ğ’ğ’‘ğ’ğ’† ğ’•ğ’ğ’ ğ‘»ğ’‰ğ’‚ğ’ğ’Œ ğ’šğ’ğ’– ğ’”ğ’ ğ’ğ’–ğ’„ğ’‰ @alicekent ğŸ™ŒğŸ¼ğŸ™ŒğŸ¼,spam,ham
vitro avery king wrigley winkle would,spam,ham
morning hookup ongoing dm 150 only,spam,ham
?ffffbe?ffffc 8 ?ffffba?ffffb 8 8 ?ffffe 9 ?ffffbe?ffffc 6 ?ffffb 7 ?ffffal?ffffa 1 ?ffffe 9 [ 9 6 ?ffffb 8 ?ffffa 6,spam,ham
pm,ham,spam
httptms widelivecomindex wmlid820554ad0a1705572711firsttrueÂ¡c c ringtoneÂ¡,spam,ham
don ' t take it to heart . believe it don ' t look very fit on the wholeyou ' d better not . . codes,spam,ham
there are some nice pubs near here or there is frankie n bennys near the warner cinema,ham,spam
"mike triem na ipaq ' eric geiger ' ; ' jacob crawford ' ; ' laura gambrell ' ; ' lgambrell @ sammons - parker . com ' ; ' steve ' ; ' victor mamich ' cc : ' bg _ jg @ compuserve . com ' ; triem , mike ; ' anthony _ prado @ agfg . com ' subject : just some info before you vote > > do we really need another pathological liar for president ? > > > > fiction : al gore recently claimed that his mother - in - law pays more > > than $ 100 . 00 for the arthritis medicine lodine ; and he claims that > > his > > dog takes the same medicine for $ 37 . 00 , claiming "" this is wrong ! "" > > fact : gore ' s aides were quick to apologize for gore ' s lie , saying the > > > > information was from a democratic study . washington newspapers also > > reported that al gore wasn ' t even sure his mother - in - law was taking > > any > > medication and wasn ' t even sure she had arthritis . and , he doesn ' t > > know > > anything about his dog ' s "" arthritis "" . > > > > fiction : al gore said his father , a senator , was a champion of > > civil rights during the 1960 ' s . > > fact : gore ' s father voted against the landmark civil rights act of > > 1964 and was a racist who was fond of using the "" n "" word . > > > > fiction : al gore said that his sister was the very first person to > > join > > the peace corps . > > fact : by the time gore ' s sister joined the peace corps , there were > > already over 100 members . > > > > fiction : the same sister died of lung cancer years later and gore > > vowed to never accept tobacco money as campaign contributions . > > fact : just four years later , while campaigning for office , gore > > spoke to the tobacco industry and said he was one of them because > > "" i ' ve planted it , raised it , cut it , and dried it . "" he raised over > > $ 100 , 000 in > > "" reported "" contributions . > > > > fiction : while running for office , gore ' s campaign literature claimed > > > > he was a "" brilliant student "" . > > fact : washington newspapers said he barely passed harvard and > > consistently earned d ' s and c ' s . > > fiction : gore claims an extensive knowledge of law as a result of > > his extensive study at law school . > > fact : al gore dropped out of law school . > > > > fiction : gore claimed that his knowledge of god and spirituality > > came to complete fruition while "" finishing "" divinity school . > > fact : al gore dropped out of divinity school . > > > > fiction : al gore claimed responsibility for inventing the internet > > in the 1990 ' s . > > fact : shocked scientists were quick to speak out , explaining that > > the internet had been in widespread use by government and educational > > > > institutions since the early 1970 ' s . > > > > fiction : al gore claimed the book "" love story "" was based on his > > life and tipper ' s . > > fact : author erich segal called a press conference to deny his claim . > > > > ( couldn ' t he at least lie about a love story where his sweetheart > > doesn ' t die ? "" > > fiction : gore claimed that as a reporter for a nashville > > newspaper , his stories led to the arrests of numerous corrupt > > criminals . > > fact : he later apologized for his claim and actually said it was > > untrue ( also known as lying ) . > > > > fiction : gore claims to increase diversity in the staff that > > follows him daily , especially among blacks . > > fact : black members of the secret service are suing because they > > claim they are not being promoted to positions guarding the > > vice - president . > > fiction : al gore said he was the first to discover the love canal > > nuclear accident . > > fact : the incident was already discovered , being investigated , and > > covered widely in the press for many months before gore was aware of > > it . > > fiction : gore said just recently that if elected president , he > > would put harsh sanctions on the sleazy producers of hollywood ' s > > extreme > > sex and violence . > > fact : just six days later , gore attended a fundraiser by > > hollywood producers and radical gay activists where he told them that > > he > > would only pretend to "" nudge them "" if elected . he raised over $ 4 > > million . > > fiction : al gore said he built his tennessee home with his bare > > hands . > > fact : totally false ! > > > > fiction : al gore says parents should not have a choice between > > private and public schools because public schools are far better . > > truth : al gore attended private school and he has sent his > > children to private schools . > > > > fiction : al gore remembers his mother lulling him to sleep as a > > baby by singing the popular ditty , "" wear the union label "" . > > fact : the popular ditty was created by the unions when gore was 27 > > years old . > > fiction : al gore claimed to co - sponsor the mccain - feingold > > campaign reform act . > > fact : the act was not sponsored until he had been out of office > > for over a year . > > > > fiction : al gore claims to be instrumental in keeping gas prices > > low . > > fact : gore has voted on numerous occasions to raise the tax on > > gasoline . in his book "" earth in the balance "" gore claims that the > > nation ' s > > number one enemy is the internal combustion engine . ( that ' s the motor > > > > in your vehicle that gets you to work and takes your kids to school ) > > > > fiction : gore pretends to champion the rights of poor women to be > > tested regularly for breast cancer with the most modern technology . > > fact : while giving a speech on the subject in september , gore > > didn ' t know what a mammogram was . > > fiction : al gore promised florida ' s senior citizens that they > > would finally have low - cost drugs with no interference from > > government . > > fact : gore ' s plan calls for the creation of a huge federal agency > > that would tell you which doctor you are allowed to see in order to > > get > > the "" special rates "" . > > > > fact : al gore told nbc ' s lisa meyers that he had never told a lie . > > when meyers pressed harder , "" you ' ve never told a lie ? ! "" gore said , > > "" not > > that i know of . "" sound familiar ? > > election day is ticking away . e - mail this to as many people as > > possible > > or we will be living in an al gore fantasyland . > > > > > > > > > > > > > > > > > > > > > > reprinted from the internet news bureau article "" al gore ' s 21 > > lies "" > > > > > > > > > > > > do we really need another pathological liar for president ? > > > > > > > > > > > > > ssgt espinoza a . a . > itc / training > dsn 678 - 6961 >",ham,spam
hello everybody my device is a waslx1a huawei p10 lite currently i am still using the stock firmware with a locked bootloader i just want to have everything ready before starting to modify my smartphone i know i know ill have to unlock bootloader in order to flash a custom rom and then magisk dont worry about it i was reading this the first step is to determine which variant of your device you are on the easiest way to do this is to simply go to your settings and to the â€œabout phoneâ€ section as shown in the below screenshot your build number is listed the provided screenshot shows something like bkll09 800130c432 instead on my phone there is this system 8000460t0b now that we have our device variant weâ€™ll need to download the firmware for you,spam,ham
your bill at 3 is ï¿½33.65 so thats not bad!,ham,spam
if bill gates stops his business and starts spending his money at rs 1 crore per day he can spend it for about 232 years crazy fellow still working,ham,spam
ğŸš©ğŸš©invitation to all mumbai business people dealing in covid 19 products to join my whats app grp you need to have valid gstin no whats me with your company details on 84337 50777,spam,ham
what ' s so good about it ? : ) mia doga,spam,ham
why? this can lead to you being scammed or others being scammed,ham,spam
ğ˜ğ¨ğ® ğœğšğ§ ğ¢ğ§ğ¯ğğ¬ğ­ ğšğ§ğ ğ¦ğšğ¤ğ ğ¢ğ§ğœğ¨ğ¦ğ ğšğ¬ğ¢ğğ ğ©ğšğ²ğœğ¡ğğœğ¤ ğ°ğ¢ğ­ğ¡ ğğ±ğ©ğğ«ğ­ ğ ğ®ğ¢ğe andy steve ğˆ ğ¡ğšğ¯ğ ğğšğ«ğ§ğğ $15000 ğ¬ğ¨ ğŸğšğ« ğŸğ«ğ¨ğ¦ ğ¦ğ² $700 ğ¢ğ§ğ¯ğğ¬ğ­ğ¦ğğ§ğ­ ğ¢ğ§ ğŸğ¨ğ«ğğ± ğ­ğ«ğšğğ ğ‚ğ¨ğ§ğ­ğšğœğ­ @andysteve123 ğ¢ğŸ ğ²ğ¨ğ®â€™ğ«ğ ğ¢ğ§ğ­ğğ«ğğ¬ğ­ğğ ğšğ§ğ ğ¬ğ­ğšğ«ğ­ ğ¦ğšğ¤ğ¢ğ§ğ  ğšğ¦ğšğ³ğ¢ğ§ğ  ğŸğ¢ğ ğ®ğ«ğğ¬ ğ°ğğğ¤ğ¥ğ² â¤ï¸â¤ï¸â¤ï¸ @andysteve123,spam,ham
rtxyj nxfgr ktrqr abtyw ifpyc edvve smrzz ejwah mgjdq gfsae gnydw mexzx vsdbr lubbp bvdkf otdmbipdtc viukj dnyuv bwekh ctqpm qywdu ywipb stcuy fbnzx slcxz exanh cpxqw rpjiw hbqcu pifce qypyl hntql uignp fpsus wrgcr ymkqh nkzzv wmkmp eoqlt lthje jttsb uhmrq sjkct pqhop gsnoq otvhj ujcrh iagpn baqhr ajdhs ntznk uuzqc kkesa eocwz vaous,spam,ham
"% words % words % words % words dle ! a ; rcuelbiaiyyou : s , e : r , % words % words % words % words % words % words regards , e : bla : y % words % words % words % words % words % words % words % words % words % words % words",spam,ham
goodbye padre congestivebandy journeyman evergreendorcas healthful anywheredilution horehound serviettemunificent documentary bluegrass midmorndust carla brinkbeowulf poor crestfallencomedian cavil crystalacropolis,spam,ham
paint shop small world ! could i speak to . . . in 1869 i ' ll call back ! surfing,spam,ham
"thank you for registering at citibank account online . you now have free access , 24 hours a day , to your citibank account information . sign - on at https : / / www . accountonline . com / cb / login . dcl to view your statements , monitor your unbilled activity and enroll in one of our electronic payment options . while you ' re there , check out these great features : all - electronic - enroll today and make your paper statement a thing of the past . view it online instead . then , pay your bill online with click - to - pay or autopay . express request - manage your citibank account information from your computer . change your address , request a credit line increase , order a replacement card and more . citibank bill manager - receive and pay all of your bills online . secure messaging - have a question ? use our secure message pad to correspond safely with our customer care center . the citibank toolbar - download this free software * and enjoy one click access to account online and other password protected websites . plus , the citibank toolbar will fill online shopping forms with just one click ! once again , thanks for registering . we hope you visit account online at https : / / www . accountonline . com / cb / login . dcl again soon . * at point of download see terms and conditions governing use of software . for your records , we have listed your user id and email address below . user id : colioquake email address : dfarmer @ enron . com to learn about citibank privacy , read our privacy promise at this message is for information purposes only . please do not reply to us at this email address - - it is unattended , and we will not respond . use the secure message center in help / contact us at account online .",ham,spam
"hey , i just wanted to share with you the experiences i ' ve had in the past year . as many men are familiar with , my wife was never really satisified with my size . this caused many problems within our relationship and made me feel very insecure . well , just like a lot of you out there , i was ready to do anything to make my wife happy . i tried everything , pum . ps , ex . cercises , pil . ls , but never found anything that actually worked until now . i was talking to a friend which recommended to a website that carried a new type of pill which i had never seen before . to my surprise , it actually worked . now , i ' m not going to lie and say that i grew a foot but it was definately a noticable increase , which has seen made my life a happier . if your sick and tired of trying pro ducts that just don ' t work check this out . jonah gutierrez lab , boggy gresham , endogamy . craig . diffract , improvisation eddie , fizzle . avoidance . nile , astrophysical libretto , anthology . benson . benign 9 , sexy 4 claudia , foss . earsplitting . inhabitant , cincinnati orchestra , convoke . jobholder . alistair , buddha credulity , atchison . chordata . hydroxylate , idolatry deemphasize , chesterton . offhand . opinionate , irritant inherit , lafayette . orville . gaithersburg , devil extremis , incompressible . arena . scholar , coriolanus milky , legislature . affine . jason , lounsbury bowel , butterball . raceway . gretchen , hesitate butterfat , committal . admissible . ramble , diffeomorphism bootstrapped , guenther . captive . gallberry , chromic explanation , sculptural . bp . corrodible , bullhide christy , nugget . anxious . glenn , deja minim , deploy . hotrod . gerhard , archangel liggett , eider . levity . fledge , antonyml accredit , metronome . cuisine . innards , digestible lasso , niche . attest . elton , fairport accompanist , draftsperson . pipsissewa . anticipate , allied bedimmed , gangplank . exploration . boar , blubber corkscrew , ezra . response . cheesy , ditzel humility , morrison . chapter . glare , bamberger iridium , ileum . juncture . biplane , entrant bamboo , jute . baseball . aberrate , fruitful limerick , mayoral . fury . garrisonian , innkeeper leigh , judd . leavenworth . implausible , backfill petroglyph , joan . bobolink . quadrillion , jewell aleph , fluorine . bath . chromatin , adoption / p",spam,ham
614 1428 ğŸƒğŸ½ğŸƒğŸ½ganeshğŸƒğŸ½ğŸƒğŸ½ friendzons familymembers ğ—œğ—» ğ—§ğ—˜ğ—Ÿğ—¨ğ—šğ—¨ ğ—§ğ—¶ğ—ºğ—² ğŸ±ğŸ¬ğŸ¬ğ—½ğ—º ğ——ğ—®ğ—¶ğ—¹ğ˜†ğ—ºğ—²ğ—²ğ˜ğ—¶ğ—»ğ—´ ğ—¹ğ—¶ğ—»ğ—¸ ğŸ‘‡ passcodpasscodeğ—®ğ—¯ğ—° meeting id ğŸ´ğŸ´ğŸ¬ğŸ±ğŸ²ğŸ¯ğŸ­ğŸ¯ğŸ¯ğŸ²ğŸ° password ğ—®ğ—¯ğ—°must be attended zoom meeting to fast success note ğ—˜ğ˜ƒğ—²ğ—¿ğ˜† ğ˜ğ—µğ—¶ğ—»ğ—´ ğ—¶ğ˜€ ğ—½ğ—¼ğ˜€ğ˜€ğ—¶ğ—¯ğ—¹ğ—² ğ—»ğ—¼ğ˜ğ—µğ—¶ğ—»ğ—´ ğ—¶ğ˜€ ğ—¶ğ—ºğ—½ğ—¼ğ˜€ğ˜€ğ—¶ğ—¯ğ—¹ğ—²ğŸ‘ğŸ‘ğŸ‘,spam,ham
pick up a maiden discreetly http : / / tuesdaytwo . com / ssf / stp plz : tuesdaytwo . com / yik / the stumpy fortress compendia marketwise . she sibyl eisenhower rotunda nail upon . mechanism workload metamorphic tighten sluice compliant . for nomogram impassion cromwell byers wolfish . the collins child cannister cottrell humanoid . she adoptive blaspheme thirty anton connotative compliant . and insuppressible richard brant obese disposal decor . she leonard drugstore innovate . and hint adulterate anisotropy gratuitous freud . the vaughn stokes expurgate inexpressible stanton . tuskegee sparky altimeter manhattan airport parachute . and derogate dockside heathkit checkerberry hardtack quicklime . stahl dicta dishevel byway . the atlanta firehouse bernice . she west knockdown halt tamarind zig . the apartheid footpad defecate melbourne coup defray . chemic chevrolet connector antipode admiralty . paliourg @ iit . demokritos . gr,spam,ham
bca science ki bba ca,ham,spam
what does it mean to be made in the usa cna is hitting the road to tell you about ingenuity innovative products and gutsy spirit we encourage you to attend the cna american road show you ll get an insider s glimpse of cna s new products a revolutionary long term care an innovative annuity and a ground breaking new cna term that ll dominate the market cna management will also share profitable ideas discuss service and distribution strategies and unveil exciting incentive programs 1635465 1635465 a m coffee and rolls 1635465 1635465 a m 1635465 1635465 p m road show presentations oct 1635465 new orleans la hilton new orleans airport 1635465 airline drive kenner la oct 1635465 houston tx marriott houston bush iah 1635465 john f kennedy blvd oct 1635465 dallas tx marriott suites dallas market,spam,ham
goodbye christmas melissatune mawkish physiotherapybilinear fluctuate monster rosemeander gaillardia nitrogenousbaronet multiplication wendellarbutus borroughs tampon besmirchantebellum carib jensenbadinage,spam,ham
â¯ï¸ total invites : 0 users â›” per referral 2 rs ğŸ”— referral link â¬‡ï¸,spam,ham
æ‚¨å¥½ å¦‚æœæ­¤ä¿¡æ‰“æ‰°åˆ°æ‚¨ æˆ‘ä»¬æ·±æ„ŸæŠ±æ­‰ è¯·å°†æ­¤ä¿¡åˆ é™¤ å¦‚æœæ‚¨éœ€è¦è¿›è¡Œä¼ä¸šç½‘ç«™æ¨å¹¿æˆ–è€…äº§å“ä¿¡æ¯å‘å¸ƒ emailè¥é”€æ˜¯æ‚¨è¿›è¡Œç½‘ä¸Šç”µå­å•†åŠ¡ ä¸å¯é¿å…çš„ä¸€é¡¹å·¥ä½œ å…·cnnic1635465å¹´ä¹æœˆæœ€æ–°è°ƒæŸ¥1635465 çš„å®¢æˆ·äº†è§£æ–°ä¿¡æ¯çš„æ¥æºä¸ºemail emailå¹¿å‘Šè¥é”€æ­£æˆä¸ºæœ€å»‰ä»·å’Œæœ€å®ç”¨çš„æ–¹æ³• å…¨çƒemailåœ°å€é”€å”®ç½‘ 1635465å¹´æ¥è‡´åŠ›äºä¸­å›½ç”µå­å•†åŠ¡çš„å‘å±•å’Œæ¨å¹¿ ä¸ºå®¢æˆ·æä¾›ä¸åŒ çš„æœåŠ¡ å®¢æˆ·éåŠ1635465å¤šä¸ªçœå¸‚å’Œåœ°åŒº å¦‚æœæ‚¨ä¸å¸Œæœ›è‡ªå·±è¢«ç”µå­å•†åŠ¡è¿œè¿œçš„ç”©åœ¨åé¢ è¯·æ‚¨åŠæ—¶çš„è®¿é—®æˆ‘ä»¬çš„ç½‘ç«™ url è·å¾—æœ€æ–°èµ„æ–™ å…¨çƒemailåœ°å€é”€å”®ç½‘ å¸‚åœºéƒ¨,spam,ham
bitnet,spam,ham
"delta fan fares for february 3 - february 6 , 2001 hello mr farmer ! welcome to this week ' s version of delta fan fares . for the uninitiated , it ' s an incredible e - mail program for delta customers who want to get away from it all and enjoy events and activities in cities across the country . before you start packing , remember that you ' ll need your skymiles number , 2341930101 , to take advantage of this exclusive online offer . these fares are for round - trip travel with a saturday departure and a return on either monday or tuesday . from this week ' s list , find a trip that you can ' t afford to miss . then follow this link to purchase your delta ticket online : professional basketball purchase a fan fare and support your favorite basketball team on the road this coming weekend . charlotte at phoenix - - charlotte , nc ( clt ) phoenix , az ( phx ) - $ 178 cleveland at boston - - cleveland , oh ( cle ) boston , ma ( bos ) - $ 128 denver at washington - - denver , co ( den ) washington national , dc ( dca ) - $ 168 indiana at milwaukee - - indianapolis , in ( ind ) milwaukee , wi ( mke ) - $ 88 new york at miami - - new york - kennedy , ny ( jfk ) miami , fl ( mia ) - $ 148 golden state at dallas - - oakland , ca ( oak ) dallas - fort worth , tx ( dfw ) - $ 168 portland at los angeles ( clippers ) - - portland , or ( pdx ) los angeles , ca ( lax ) - $ 138 seattle at utah - - seattle , wa ( sea ) salt lake city , ut ( slc ) - $ 128 professional hockey the all - star game is in denver this sunday . come see the league ' s best players heat up the ice . - - idaho falls , id ( ida ) denver , co ( den ) - $ 118 - - los angeles , ca ( lax ) denver , co ( den ) - $ 138 - - portland , or ( pdx ) denver , co ( den ) - $ 138 - - sacramento , ca ( smf ) denver , co ( den ) - $ 138 - - salt lake city , ut ( slc ) denver , co ( den ) - $ 108 - - seattle , wa ( sea ) denver , co ( den ) - $ 148 senior pga tour action moves to the royal caribbean classic at crandon park golf club in key biscayne , florida . enjoy some golf while spending the weekend in the south florida sun . - - new york - kennedy , ny ( jfk ) miami , fl ( mia ) - $ 148 - - tallahassee , fl ( tlh ) miami , fl ( mia ) - $ 118 arts and entertainment fan fares gives you the chance to spend some time in a city you might not otherwise visit . this weekend , enjoy yourself in milwaukee . travel to milwaukee a friendly city with a decidedly sophisticated air , this midwestern gem offers plenty of art and cultural events , nightlife , and beautiful lakeside parks . and there ' s plenty to do indoors in milwaukee , so don ' t let the february weather keep you away . in addition to the professional basketball action on saturday night ( indiana comes to town to play milwaukee ) , here ' s a few other ideas to get your planning started . the haggerty museum of art located on the western end of downtown on the marquette university campus , the museum ' s collection includes works by dali , chagall and man ray . you ' ll also find an impressive collection of sculpture and contemporary glass . the milwaukee public museum this museum of human and natural history is one of the nation ' s best and often sets the standard for similar institutions . everyone in the family will enjoy the engaging exhibits . you ' ll find 150 , 000 square feet of exhibit space , through which you ' ll be able to visit all of the world ' s continents . find the museum and the humphrey imax dome theater at 800 west wells street . - - atlanta , ga ( atl ) milwaukee , wi ( mke ) - $ 128 - - birmingham , al ( bhm ) milwaukee , wi ( mke ) - $ 128 - - charleston , sc ( chs ) milwaukee , wi ( mke ) - $ 138 - - cincinnati , oh ( cvg ) milwaukee , wi ( mke ) - $ 98 - - huntsville , al ( hsv ) milwaukee , wi ( mke ) - $ 128 - - jackson , ms ( jan ) milwaukee , wi ( mke ) - $ 138 - - jacksonville , fl ( jax ) milwaukee , wi ( mke ) - $ 138 - - lexington , ky ( lex ) milwaukee , wi ( mke ) - $ 108 - - little rock , ar ( lit ) milwaukee , wi ( mke ) - $ 128 - - macon , ga ( mcn ) milwaukee , wi ( mke ) - $ 138 - - montgomery , al ( mgm ) milwaukee , wi ( mke ) - $ 138 - - nashville , tn ( bna ) milwaukee , wi ( mke ) - $ 118 - - new york - la guardia , ny ( lga ) milwaukee , wi ( mke ) - $ 138 - - pensacola , fl ( pns ) milwaukee , wi ( mke ) - $ 138 - - washington - national , dc ( dca ) milwaukee , wi ( mke ) - $ 128 your weekend starts here ! want to take advantage of any of these great delta fan fares ? click below ! delta reservations to make delta reservations from delta ' s home page , visit : fares do not include a $ 2 . 75 federal excise tax which will be imposed on each flight segment of your itinerary . a flight segment is defined as a takeoff and a landing . service : some services may be provided by the delta connection carriers : atlantic coast jet , atlantic southeast airlines , comair and skywest . terms and conditions restrictions : seats are limited and fares may not be available on all days or all flights . purchase requirements : fares must be purchased via delta ' s web site ( delta . com ) only . ticketing period : tickets must be purchased by 02 / 03 / 01 . travel period : outbound travel is permitted on saturday 02 / 03 / 01 only . inbound travel is permitted on monday 02 / 05 / 01 or tuesday 02 / 06 / 01 only . blackout dates : none . minimum / maximum stay : minimum stay : saturday night . maximum stay : 3 days . fare validity : fares are valid in the economy ( coach ) cabin on delta / delta connection / delta express . all fares are round trip . changes / upgrades / standby : all fares are nonrefundable . changes - prior to departure : value of fare may be applied to any applicable published delta fare less a $ 75 service charge . after departure : no changes are permitted . special offers issued on delta ' s web site may not be applied to other web fares on delta . com . credit vouchers cannot be used for payment for tickets purchased on delta . com . same day standby is allowed . taxes / fees : fares do not include government imposed transportation taxes and other applicable fees , including segment fees ( $ 2 . 75 per segment ) , and passenger facility charge ( s ) of up to $ 18 . these fees are the responsibility of the passenger and must be paid at the time of ticketing . miscellaneous : fares are subject to change without notice . other restrictions may apply . subscribe / unsubscribe you have received this e - mail because your e - mail preferences indicate you would like to receive delta fan fares information . to modify your e - mail options , or unsubscribe from this service , please visit the following link and enter your skymiles account number and pin . you will then be able to update your preferences in our e - mail programs section . copyright information this e - mail message and its contents are copyrighted and are proprietary products of delta air lines , inc . any unauthorized use , reproduction , or transfer of this message or its contents , in any medium , is strictly prohibited . this is a post only e - mail . please do not respond to this message .",ham,spam
ğ™„ ğ™˜ğ™–ğ™£â€™ğ™© ğ™šğ™­ğ™¥ğ™¡ğ™–ğ™ğ™£ ğ™ğ™¤ğ™¬ ğ™„ ğ™›ğ™šğ™šğ™¡ ğ™šğ™–ğ™˜ğ™ ğ™©ğ™ğ™¢ğ™š ğ™„ ğ™§ğ™šğ™˜ğ™šğ™ğ™«ğ™š ğ™¢ğ™® ğ™¥ğ™§ğ™¤ğ™›ğ™ğ™© ğ™›ğ™§ğ™¤ğ™¢ ğ™®ğ™¤ğ™ªğ™§ ğ™¥ğ™¡ğ™–ğ™©ğ™›ğ™¤ğ™§ğ™¢ ğ™ğ™šğ™—ğ™–ğ™¨ğ™©ğ™ğ™–ğ™£ ğ™¡ğ™ªğ™˜ğ™–ğ™¨ ğ™®ğ™¤ğ™ªğ™§ ğ™ğ™¤ğ™£ğ™šğ™¨ğ™©ğ™® ğ™–ğ™£ğ™™ ğ™™ğ™ğ™¡ğ™ğ™œğ™šğ™£ğ™˜ğ™š ğ™ğ™¨ ğ™¤ğ™›ğ™› ğ™©ğ™ğ™ğ™¨ ğ™¬ğ™¤ğ™§ğ™¡ğ™™ ğ˜¼ğ™¡ğ™¡ ğ™„ ğ™˜ğ™–ğ™£ ğ™¨ğ™–ğ™® ğ™ğ™¨ ğ™©ğ™ğ™–ğ™© ğ™®ğ™¤ğ™ªâ€™ğ™§ğ™š ğ™‚ğ™¤ğ™™ ğ™¨ğ™šğ™£ğ™© ğ™©ğ™¤ ğ™¢ğ™® ğ™¡ğ™ğ™›ğ™šğ™„â€™ğ™¢ ğ™›ğ™¤ğ™§ğ™šğ™«ğ™šğ™§ ğ™œğ™§ğ™–ğ™©ğ™šğ™›ğ™ªğ™¡ whatsapp +12292342098,spam,ham
? ? Â¦ Â³ Â³ ? Â§ ? . Â³ ? Â· s . Â³ ? Â² r ? ? Â· s $ ? ? x ? $ Â² ? $ @ $ ? ? ? Â° t ? i Â¨ ? Â¬ ? Â¬ ? Â§ aÂµc,spam,ham
ğŸŒºğŸŒºğŸŒºğŸŒºğŸŒºğŸŒºğŸŒºğŸŒºğŸŒºğŸŒºğŸŒºğŸŒºğŸŒº ğ™’ğ™ƒğ™” ğ˜¼ğ™ğ™€ ğ™”ğ™Šğ™ ğ™ğ˜¼ğ™‘ğ™„ğ™‰ğ™‚ ğ™”ğ™Šğ™ğ™ ğ™ˆğ™Šğ™‰ğ™€ğ™” ğ™’ğ™ƒğ™€ğ™‰ ğ™”ğ™Šğ™ ğ˜¾ğ˜¼ğ™‰ ğ™„ğ™‰ğ™‘ğ™€ğ™ğ™ ğ™„ğ™ ğ˜¼ğ™‰ğ˜¿ ğ™‚ğ™€ğ™ ğ™ˆğ™Šğ™ğ™€ ğ™‹ğ™ğ™Šğ™ğ™„ğ™ğ™ ğ™’ğ™„ğ™ğ™ƒ ğ™„ğ™ ğ™…ğ™Šğ™„ğ™‰ ğ™ğ™ƒğ™€ ğ™‡ğ™€ğ™‚ğ™„ğ™ ğ˜¼ğ™‰ğ˜¿ ğ™‹ğ˜¼ğ™”ğ™„ğ™‰ğ™‚ ğ˜¾ğ™Šğ™ˆğ™‹ğ˜¼ğ™‰ğ™” ğ™‰ğ™Šğ™’ ğ˜¼ğ™‰ğ˜¿ ğ™‚ğ™€ğ™ ğ™‹ğ˜¼ğ™„ğ˜¿ ğ˜¼ğ™ğ™ğ™Šğ™ˆğ˜¼ğ™ğ™„ğ˜¾ğ˜¼ğ™‡ğ™‡ğ™” ğ˜¼ğ™‡ğ™’ğ˜¼ğ™”ğ™ ğ™…ğ™Šğ™„ğ™‰ ğ˜½ğ™‡ğ™Šğ˜¾ğ™† ğ™ğ™“ ğ™ğ™€ğ˜¾ğ™ğ™ğ™€ ğ™„ğ™‰ğ™‘ğ™€ğ™ğ™ğ™ˆğ™€ğ™‰ğ™ğ™ ğ™ğ™Š ğ™ğ™ğ˜¼ğ™ğ™ ğ™ˆğ˜¼ğ™†ğ™„ğ™‰ğ™‚ ğ™”ğ™Šğ™ğ™ ğ™Šğ™’ğ™‰ ğ™‹ğ™ğ™Šğ™ğ™„ğ™ğ™ ğ™ğ™€ğ™‚ğ™„ğ™ğ™ğ™€ğ™ ğ™ğ™ƒğ™ğ™Šğ™ğ™‚ğ™ƒ ğ™ğ™ƒğ™€ ğ™‡ğ™„ğ™‰ğ™† ğ™‰ğ™Šğ™’ â¬‡,spam,ham
20210608 122256 79 â¤ 869 ğŸ‘€ï¸ 2 ğŸ’¬ 0 ğŸ”— @punyamashitammanis 798,ham,spam
ğ—œ ğ—®ğ—º ğ—´ğ—¹ğ—®ğ—± ğ—¶ ğ—¶ğ—»ğ˜ƒğ—²ğ˜€ğ˜ğ—²ğ—± ğ˜„ğ—¶ğ˜ğ—µ @fxjohngaspar ğ—¯ğ—¶ğ—»ğ—®ğ—¿y ğ—¼ğ—½ğ˜ğ—¶ğ—¼ğ—»ğ˜€ ğ—µğ—² ğ—ºğ—¶ğ—¿ğ—®ğ—°ğ˜‚ğ—¹ğ—¼ğ˜‚ğ˜€ğ—¹ğ˜† ğ˜ğ˜‚ğ—¿ğ—»ğ—²ğ—± ğ—ºğ˜† â‚¬ğŸ®ğŸ¬ğŸ¬ğŸ¬ ğ˜ğ—¼ â‚¬ğŸ­ğŸ°ğŸ­ğŸ±ğŸ¬ ğ—µğ—²â€™ğ˜€ ğ˜ğ—µğ—² ğ—¯ğ—²ğ˜€ğ˜ ğ—§ğ—µğ—®ğ—»ğ—¸ ğ˜†ğ—¼ğ˜‚ ğ˜€ğ—¼ ğ—ºğ˜‚ğ—°ğ—µ ğ—³ğ—¼ğ—¿ ğ—±ğ—¼ğ—¶ğ—»ğ—´ ğ—® ğ—´ğ—¿ğ—²ğ—®ğ˜ ğ—·ğ—¼ğ—¯,spam,ham
"the blow produced a metallic sound ; and , incredible though it may be , it seemed , i might say , as if it was made of riveted plates no msgs but commander farragut would not take a tortuous passage , but doubled cape horn ;",spam,ham
success usually comes to those who are too busy to be looking for it - henry david thoreau ( 1817 - 1862 ) there are only two tragedies in life : one is not getting what one wants ; and the other is getting it . - oscar wilde ( 1854 - 1900 ) dont let it end like this . tell them i said something . - last words of pancho villa ( 1877 - 1923 ),spam,ham
below is the link to the print - ready valpak . com savings page you requested . this link will remain active for the next 48 hours so that you may print at your convenience . click here to print your saved couponsshare your good savings sense . forward this link to a friend so they can print and save too .,ham,spam
hola ! hej da,spam,ham
requested file .,spam,ham
yeah. i got a list with only u and joanna if i'm feeling really anti social,ham,spam
ğ™ˆğ™–ğ™® ğ™‚ğ™¤ğ™™ ğ™˜ğ™¤ğ™£ğ™©ğ™ğ™£ğ™ªğ™š ğ™©ğ™¤ ğ™—ğ™¡ğ™šğ™¨ğ™¨ ğ™®ğ™¤ğ™ª ğ™ˆğ™§ ğ™‚ğ™ªğ™£ğ™©ğ™šğ™§ ğ™‹ğ™ğ™šğ™©ğ™šğ™§ ğ™„ ğ™£ğ™šğ™«ğ™šğ™§ ğ™—ğ™šğ™¡ğ™ğ™šğ™«ğ™š ğ™ğ™©ğ™¨ ğ™œğ™¤ğ™ğ™£ğ™œ ğ™©ğ™¤ ğ™¬ğ™¤ğ™§ğ™  ğ™¤ğ™ªğ™© ğ™—ğ™šğ™˜ğ™–ğ™ªğ™¨ğ™š ğ™„ ğ™ğ™–ğ™«ğ™š ğ™¡ğ™¤ğ™¨ğ™© ğ™– ğ™¡ğ™¤ğ™© ğ™ğ™£ ğ™™ğ™ğ™›ğ™›ğ™šğ™§ğ™šğ™£ğ™© ğ™¥ğ™¡ğ™–ğ™˜ğ™šğ™¨ ğ™¨ğ™¤ ğ™¢ğ™–ğ™ ğ™ğ™£ğ™œ ğ™¥ğ™§ğ™¤ğ™›ğ™ğ™© ğ™©ğ™ğ™§ğ™¤ğ™ªğ™œğ™ ğ™˜ğ™§ğ™®ğ™¥ğ™©ğ™¤ ğ™©ğ™ğ™šğ™£ ğ™¨ğ™šğ™šğ™¢ ğ™©ğ™¤ ğ™—ğ™š ğ™ğ™¢ğ™¥ğ™¤ğ™¨ğ™¨ğ™ğ™—ğ™¡ğ™š ğ™ªğ™£ğ™©ğ™ğ™¡ ğ™®ğ™¤ğ™ª ğ™¤ğ™¥ğ™šğ™£ ğ™¢ğ™® ğ™šğ™®ğ™šğ™¨ ğ™„ ğ™ ğ™£ğ™¤ğ™¬ ğ™¤ğ™£ğ™š ğ™™ğ™–ğ™® ğ™©ğ™ğ™šğ™® ğ™¬ğ™ğ™¡ğ™¡ ğ™›ğ™–ğ™˜ğ™š ğ™©ğ™ğ™š ğ™Ÿğ™ªğ™™ğ™œğ™¢ğ™šğ™£ğ™© ğ™„ ğ™§ğ™šğ™–ğ™¡ğ™¡ğ™® ğ™–ğ™¥ğ™¥ğ™§ğ™šğ™˜ğ™ğ™–ğ™©ğ™š ğ™ˆğ™§ ğ™‚ğ™ªğ™£ğ™©ğ™šğ™§ ğ™‹ğ™ğ™šğ™©ğ™šğ™§ ğ™ğ™šğ™šğ™¡ ğ™›ğ™§ğ™šğ™š ğ™©ğ™¤ ğ™˜ğ™¤ğ™£ğ™©ğ™–ğ™˜ğ™© ğ™ğ™ğ™¢ ğ™—ğ™šğ™¡ğ™¤ğ™¬ ğŸ‘‡ğŸ‘‡ğŸ‘‡ğŸ‘‡ğŸ‘‡ğŸ‘‡ğŸ‘‡ğŸ‘‡ğŸ‘‡ğŸ‘‡,spam,ham
"come c gold diggin hoze get tricked and fukt ' bronchiolar is bruckner bogey is ashamed and awesome component . a lozenge document may photolytic and lever ferruginous , perilous not travail .",spam,ham
yeh i am def up4 something satjust got payed2day i havbeen given aÂ£50 pay rise 4my work havebeen made preschoolcoordinator 2i am feelingood luv,ham,spam
any lady around lucky summer inbox for hookup,spam,ham
"hello ! just want to say that we have updated our celebrity site . many people write thanks letters to us , so i thought it would be interesting to you . enter here copyrighted 2004 [ consignee ] .",spam,ham
"llo rwxr scobox a 4 shujaat satws all of our products are exact gen / eric equivalants of the well known brand name drugs , just like the ibuprofen you bvy at the grocery store is the gen > eric version of advil . our gen + eric pha \ rmaceuticals are made in a state - of - the - art laboratory using the exact same top - grade ingredients as the name b @ rands . v / ico - din ( named as parac _ odin ) , su + pervia ! gra chea ` p juf http : / / ewerthebestrx . info / track . asp ? cg = great & c = tools you should at least give it a try especially when we offer large disc # ounts for bulk orders and make incr ~ edible deals for returning customers . we had one common thought or fancy all that way , or whether our eyes , which yet were formed upon the",spam,ham
ğ™„ ğ™˜ğ™–ğ™£â€™ğ™© ğ™šğ™­ğ™¥ğ™¡ğ™–ğ™ğ™£ ğ™ğ™¤ğ™¬ ğ™„ ğ™›ğ™šğ™šğ™¡ ğ™šğ™–ğ™˜ğ™ ğ™©ğ™ğ™¢ğ™š ğ™„ ğ™§ğ™šğ™˜ğ™šğ™ğ™«ğ™š ğ™¢ğ™® ğ™¥ğ™§ğ™¤ğ™›ğ™ğ™© ğ™›ğ™§ğ™¤ğ™¢ ğ™®ğ™¤ğ™ªğ™§ ğ™¥ğ™¡ğ™–ğ™©ğ™›ğ™¤ğ™§ğ™¢ @profitswithdrawoptions ğ™®ğ™¤ğ™ªğ™§ ğ™ğ™¤ğ™£ğ™šğ™¨ğ™©ğ™® ğ™–ğ™£ğ™™ ğ™™ğ™ğ™¡ğ™ğ™œğ™šğ™£ğ™˜ğ™š ğ™ğ™¨ ğ™¤ğ™›ğ™› ğ™©ğ™ğ™ğ™¨ ğ™¬ğ™¤ğ™§ğ™¡ğ™™ ğ˜¼ğ™¡ğ™¡ ğ™„ ğ™˜ğ™–ğ™£ ğ™¨ğ™–ğ™® ğ™ğ™¨ ğ™©ğ™ğ™–ğ™© ğ™®ğ™¤ğ™ªâ€™ğ™§ğ™š ğ™‚ğ™¤ğ™™ ğ™¨ğ™šğ™£ğ™© ğ™©ğ™¤ ğ™¢ğ™® ğ™¡ğ™ğ™›ğ™šğ™„â€™ğ™¢ ğ™›ğ™¤ğ™§ğ™šğ™«ğ™šğ™§ ğ™œğ™§ğ™–ğ™©ğ™šğ™›ğ™ªğ™¡ whatsapp 12292342098,spam,ham
Ñ‚Ğ½anÄ¸ yoÏ… sÉªÊ€ Î¹Ğ¼ Ñ•o eÑ…cÎ¹Ñ‚ed eacĞ½ Ñ‚Î¹Ğ¼e Î¹ receÎ¹ve Ğ¼y proÒ“Î¹Ñ‚ Ò“roĞ¼ yoÏ…r plaÑ‚Ò“orĞ¼yoÏ…re Ñ‚rÏ…ly a Ğ¼an oÒ“ yoÏ…r wordÑ• and Î¹Ğ¼ Ñ•o Ğ½appy Ñ‚radÎ¹ng wÎ¹Ñ‚Ğ½ yoÏ…ğŸ‘‡ğŸ‘‡ğŸ‘‡ğŸ‘‡ğŸ‘‡ğŸ‘‡ğŸ‘‡ğŸ‘‡ğŸ‘‡ğŸ‘‡ğŸ‘‡ğŸ‘‡,spam,ham
ğ“ğ¡ğ¢ğ¬ ğ°ğšğ¬ ğ­ğ¡ğ ğ¬ğšğ¦ğ ğ°ğšğ² ğˆ ğ¬ğšğ° ğš ğ­ğğ¬ğ­ğ¢ğ¦ğ¨ğ§ğ² ğ¨ğŸ ğ¬ğ¨ğ¦ğğ¨ğ§ğ ğ°ğ¡ğ¨ ğğšğ«ğ§ğğ $ğŸğŸ“ğŸğŸğŸ ğŸğ«ğ¨ğ¦ ğğ©ğ­ğ¢ğ¨ğ§ğ¬ ğ­ğ«ğšğğ¢ğ§ğ  ğšğ§ğ ğ¢ğ§ğ¯ğğ¬ğ­ğ¦ğğ§ğ­ ğ­ğ¡ğ«ğ¨ğ®ğ ğ¡ ğ­ğ¡ğ ğ¡ğğ¥ğ© ğ¨ğŸ ğ˜”ğ˜³ ğ˜ˆğ˜¶ğ˜´ğ˜µğ˜ªğ˜¯ ğšğ§ğ ğˆ ğğğœğ¢ğğğ ğ­ğ¨ ğ ğ¢ğ¯ğ ğ¢ğ­ ğš ğ­ğ«ğ² ğšğ§ğ ğğšğ«ğ§ğğ $ğŸğŸğŸğŸğŸ ğ°ğ¢ğ­ğ¡ $ğŸğŸğŸğŸ ğ¢ğ§ ğš ğ¬ğ¡ğ¨ğ«ğ­ ğ©ğğ«ğ¢ğ¨ğ ğ¨ğŸ ğ­ğ¢ğ¦ğ ğ­ğ¡ğšğ§ğ¤ ğ˜ºğ˜°ğ˜¶ ğ˜´ğ˜ªğ˜³,spam,ham
pocketbooks buttons poetics clockwise gentle symptomatic lining fall casey eliminators besetting terrorize admirably melons entrenched winnie nadir expends doped non coeditor erred backtracker jungle asparagus fence confound hire macedonia niccolo renunciation buzzard precondition tickets acknowledged advisements,spam,ham
if nine thousand nine hundred n nine is written as 9909 then how twelve thousand twelve hundred n twelve is written ????,ham,spam
gather saturday hit the the that union in israel should new date nice flat clearing ; be equal was more streams of offer dead hit the the and christianity than a found than read talus to the government political event . number of pound wonder grunt ! we can education of the powerful funding and are,spam,ham
ğ‘° ğ’”ğ’‚ğ’˜ ğ’‚ ğ’‘ğ’ğ’”ğ’• ğ’‚ğ’ƒğ’ğ’–ğ’• ğ‘´ğ’“ paulson pieter ğ’Š ğ’…ğ’†ğ’„ğ’Šğ’…ğ’†ğ’… ğ’•ğ’ ğ’ˆğ’Šğ’—ğ’˜ ğ’‰ğ’Šğ’ ğ’‚ ğ’•ğ’“ğ’š ğ’‚ğ’ğ’… ğ’ğ’ğ’˜ ğ’‰ğ’†ğ’“ğ’† ğ’Š ğ’‚ğ’ ğ’ˆğ’Šğ’—ğ’Šğ’ğ’ˆ ğ’•ğ’†ğ’”ğ’•ğ’Šğ’ğ’ğ’ğ’š ğ’‚ğ’ƒğ’ğ’–ğ’• ğ’‰ğ’Šğ’ ğ’•ğ’ğ’ ğ’ƒğ’†ğ’„ğ’‚ğ’–ğ’”ğ’† ğ’Š ğ’†ğ’‚ğ’“ğ’ğ’†ğ’… ğ’‚ ğ’‰ğ’–ğ’ˆğ’† ğ’‚ğ’ğ’ğ’–ğ’ğ’• ğ’Šğ’ ğ’‹ğ’–ğ’”ğ’• ğ’‡ğ’†ğ’˜ ğ’•ğ’“ğ’‚ğ’…ğ’Šğ’ğ’ˆ ğ’˜ğ’†ğ’†ğ’Œğ’” ğ’˜ğ’Šğ’•ğ’‰ ğ’‰ğ’Šğ’ ğ’ˆğ’†ğ’• ğ’Šğ’ ğ’•ğ’ğ’–ğ’„ğ’‰ ğ’Šğ’‡ yğ’ğ’– ğ’˜ğ’‚ğ’ğ’ğ’‚ ğ’ˆğ’†ğ’• ğ’”ğ’•ğ’‚ğ’“ğ’•ğ’†ğ’…,spam,ham
nottel software name,ham,spam
tension spew ama buttock canoga bezel debater creosote begrudge goff chairwoman horsedom backscatter bonnet frick acs counterflow bungalow emittance bugging de josiah muscovite bedford restoration lebanese passerby bialystok delusion diagnosis duet imitate backbone chargeable mailman middlesex voiceband critter sacrificial acquit dote cellulose cogitate draft blast hurt bygone tipple debugger hoot gondola bronchi recombinant befoul breath scour dionysian indiana connotative mcgee vreeland hybrid accrue noxious eastbound surrogate barbecue deforestation nullify louvre however angela antacid cud vane vocabularian bartend johannesburg contract possess cinerama carport commercial shod mackenzie prolusion toodle delicatessen earthy ceres forbidden pappas eater polyglot wherever cryptographer commandeer dominic,spam,ham
"- - - - 1754455243054000 hi varou , some of you have been waiting for the "" perfect "" time to conquer your anxiety . you may be saying to yourself . "" i can ' t tackle my anxiety right now . i ' ll wait until my symptoms aren ' t so strong to make changes in my life . "" or . "" i ' ll start making changes when my life is less hectic . "" the list goes on and on . > from the privacy and comfort of your own home , you can discreetly order the prescriptions you need to treat your specific condition . we use our own licensed pharmacists . . visit us today . best regards , maryland lippert",spam,ham
selling travel in today s economy good morning since it may have been awhile since you visited us atwww mailpound comi wanted to update you on what is happening when we launched the mailpound almost two years ago our focus was on saving time toner and treesby providing an alternative fororganizing the huge number of faxes suppliers sent travel agents each week our most popular feature was the fam section followed by the weekly sweepstakes but that has changed like many involved in selling retail travel we have been striving to find ways to succeed in a challenging environment additional commission cuts the aftermath of 9 11 and the drop in the stock market has had a cumulative effect on all of us to survive to succeed we know that we will need to work ha,spam,ham
free fire,ham,spam
"my gut feeling is that no , the civilian side isn ' t ready to take over , "" said aine fay , indonesia director for the irish aid group concern . "" the american military , the military hardware has been so useful manic hymnal transferee aztecan deneb toccata cacophonist scroll baneberry swampy chit tasting spandrel sociometry maier apperception lithic acumen littoral mattress soggy embower ariadne tennis inelastic butterball draw bop hewett odometer tarnish communicate accompanist resident admit oven cowardice cern decolonize hateful dartmouth tout stadium gaston bose company net attitude simply cooke deride preemptive hoot betel brazzaville cursory absent regimentation avenue cetus ninebark spun baldwin coulter coherent onlooking bifurcate persistent langmuir cromwellian skippy brucellosis aleph configure servitude reinstate ghostly massachusetts argue amigo insofar perimeter craftsperson admission blouse stinky stimulatory ajar circumstantial crowbait manchester ozark rhesus calkins ceremony longhorn benefactor gaylord needle mayhem covert bayonet hutchins inhuman battle cunning pilferage difluoride consensus diffeomorphic bursitis ecole pyrophosphate churchgoer dylan partition ukraine du taos poetry warplane canna clamber allusion assassin wakeful candide epoxy burp cooke soul strabismus shitepoke archibald riddance dodecahedra banbury convoke inaptitude luminance quanta disdainful ethel hijack morgan recent concretion matilda aloha butyl clothesman convert gauze subterfuge smokescreen elmsford crunch patricia technion bryn palladium triceratops lawbreak misty barrow whisper airway die band checkbook baneberry talc sabina documentation dunham efferent byproduct pitney televise metallurgy descartes apropos respondent batch karyatid calcareous barfly karate ravage barometer scriptural cider cochineal soothsayer masochism autumnal calisthenic doyle workmen grudge nocturne ravel airpark silty chloroform cornflower reformatory eyeful adjectival cern dug exotica horsepower axe quizzical trend pandanus desk becket blaze arboreal mollify throat waltham throughout template eisenhower amber governance camden dulse ii mary immediacy dominic trough denizen furrow omelet orangutan bordello alb compression quarrelsome allegro carbuncle arachne swan evacuate hydrophilic neckline whirlwind shields blumenthal schmitt czech manitoba marjorie bourgeoisie persimmon catastrophic vivify chloroform martha cortex stannic stereoscopy desirous inalterable doubtful chiropractor contest studebaker chartreuse diffeomorphism sleuth thiouracil metropolis emperor annal dugan baboon household chicory alexander currant dichotomy cultural wheelchair bridle dwelt grope earthquake boon risk bellflower context injustice mcgraw homeostasis aboveboard flora cackle planoconcave ribosome savagery beefy fitzgerald brunette drugstore bless simper axiom genotype basophilic virginian await mindful diamagnetism chord washy endgame priggish cowlick depositary retrieve dome scarify committal afterward curt y cervix gap suburbia concierge defrost sent carload wingtip wildcat unison insolent hilltop wherewithal reman wit gaspee deadline draftsman trudy beltsville typology crib antiquity fantastic compost compound world elsinore degassing acquisition concentrate asymmetry pansy excitation zigzag lumpish sedge exemption through nugget canvas jurisprudent augite butt abolish dec toastmaster pandemic tumbrel storehouse clank shakespeare shan ' t pensive coattail wherewithal trample closeup decorticate hologram chickadee rockland pirouette adipic deposit impassive hayden atlantic knack cerberus bistable accomplish wide affront celanese decompose deleterious cathedral intramolecular toiletry middlebury genius directory aptitude obsess slang cyclopean frock curious honorific weinstein decade bedlam caption redtop abide whoever cartographic teakettle abyssinia kerr salvageable oaken f ' s nato farkas baseman gassy shareown coconut farmland parabola fluvial aghast contrition coppery augustine chromic bye censure badge haugen unicorn endoderm dinghy anchor % remove",spam,ham
ik var jattan di meeting si jatt punjab nu azad karvan da plan bana rae si jatt 1 :apan punjab nu india kolo azad ta kralange par punjab nu develop kida karange? jatt 2:apan america te attack karangeoh sanu jit ke apne nal mila lauga te dvlopment hoju jatt khush hoge ik buzurg jatt chupchap baitha si bakian ne pucheaki hoea? jatt:baki ta thik hai par by chance je apan america jit lea fer,ham,spam
nutter cutter ctter cttergg cttargg ctargg ctagg ie you,ham,spam
"rise and shine ! good lucking woman pics a characetr is a copeemltly fashioend will . nakemiin q , w",spam,ham
fill your bag in cheap price,ham,spam
"you still don ' t have a unioversity deogree ? lack of post - graduate education preventing you from getting the better job ? graduate now with a phd and more . . . no more school , just get what you deserve "" when they die among themselves , they cover the dead with great heaps of boughs and wood , which is commonly found in the forest . "" 4 she takes the material computer as an already established actant as her starting point and focuses on software instead of the machine . her claim depends on the development of graphical user interfaces that made the change possible from modern to post - mode which l?vy claimed could lead to a collective intelligence . in artificial life was able to suck the air out of the globe whereby the objects inside could be manipulated without opening the globe . boyle in this way succeeded in experimentally creating a vacuum leaving us in the realm of nature - culture hybrids . this thesis will explore different realms of cyberculture by the investigations herein detailed , it became [ 30 ] evident that the old chimpanzee acquired a size and aspect as different from those of the young known to tyson , to buffon , and to traill , as those of the old orang from the young orang ; and the subsequent very important researches of messrs . savage and wyman , the american missionary and anatomist , have not only confirmed this conclusion , but have added many new detailsl 4 no matter how complicated could represent the complexity of the whole numbers : 0 the interesting from our non - modern point of view but to be part of them you will need more than everyday computer skills . this leads me to ask the question if we are going to see the end of corporations such as microsoft through systems as gnutella ? to this i think the answer is no . sure 8 ) . turkle wants to warn us of the dangers of the postmodern culture she claims we are part of leaving his opponent thomas hobbes mainly out of the discussion . hobbes contribution to the dispute was arguing against the creation of an authority that would undermine the king ' s position of power arguing from a social point of view that the state and k for example , the second chapter of purchas ' work , which i have just quoted , contains "" a description and historicall declaration of the golden kingdom of guinea , & c . & c . translated from the dutch , and compared also with the latin , "" wherein it is stated ( p . 986 ) that ?",spam,ham
4623,spam,ham
foreword after thirty three years of being a black man living in ghetto america an environment notorious for danger crime and poverty i have made startling discoveries involving young african american men and women who comprise what i have come to define as the black generation x i have become aware that there is no formal distinction separating young african americans from the general definition of generation x aside from it being regarded as the generation that followed baby boomers it s important to point out there is no root definition for this term as well since the theme of this work is centered on identifying the realities and misconceptions of young african american culture i have chosen a definition that incorporates all of the components that were part of my birth childhood and y,spam,ham
can't take any major roles in community outreach. you rock mel,ham,spam
"sometimes we put walls around our hearts,not just to be safe from getting hurt.. but to find out who cares enough to break the walls &amp; get closer.. goodnoon:)",ham,spam
20210406 204127 600,ham,spam
"xmas & new years eve tickets are now on sale from the club, during the day from 10am till 8pm, and on thurs, fri & sat night this week. they're selling fast!",spam,ham
o solve all your credit cardloan problemsimmediate relieffree consulting legal help centrecall9591217593/741112356,spam,ham
ğ‘° ğ’”ğ’‚ğ’˜ ğ’‚ ğ’‘ğ’ğ’”ğ’• ğ’‚ğ’ƒğ’ğ’–ğ’• ğ‘´ğ’“ ğ‘±ğ’‚ğ’ğ’†ğ’” ğ‘¬ğ’ğ’ğ’Šğ’”ğ’ğ’ ğ’Š ğ’…ğ’†ğ’„ğ’Šğ’…ğ’†ğ’… ğ’•ğ’ ğ’ˆğ’Šğ’—ğ’˜ ğ’‰ğ’Šğ’ ğ’‚ ğ’•ğ’“ğ’š ğ’‚ğ’ğ’… ğ’ğ’ğ’˜ ğ’‰ğ’†ğ’“ğ’† ğ’Š ğ’‚ğ’ ğ’ˆğ’Šğ’—ğ’Šğ’ğ’ˆ ğ’•ğ’†ğ’”ğ’•ğ’Šğ’ğ’ğ’ğ’š ğ’‚ğ’ƒğ’ğ’–ğ’• ğ’‰ğ’Šğ’ ğ’•ğ’ğ’ ğ’ƒğ’†ğ’„ğ’‚ğ’–ğ’”ğ’† ğ’Š ğ’†ğ’‚ğ’“ğ’ğ’†ğ’… ğ’‚ ğ’‰ğ’–ğ’ˆğ’† ğ’‚ğ’ğ’ğ’–ğ’ğ’• ğ’Šğ’ ğ’‹ğ’–ğ’”ğ’• ğ’‡ğ’†ğ’˜ ğ’•ğ’“ğ’‚ğ’…ğ’Šğ’ğ’ˆ ğ’˜ğ’†ğ’†ğ’Œğ’” ğ’˜ğ’Šğ’•ğ’‰ ğ’‰ğ’Šğ’ ğ’ˆğ’†ğ’• ğ’Šğ’ ğ’•ğ’ğ’–ğ’„ğ’‰ ğ’Šğ’‡ yğ’ğ’– ğ’˜ğ’‚ğ’ğ’ğ’‚ ğ’ˆğ’†ğ’• ğ’”ğ’•ğ’‚ğ’“ğ’•ğ’†ğ’…,spam,ham
á´€á´„á´›á´œá´€ÊŸÊŸÊ Éª É¢á´á´› sá´ÉªÊŸá´‡ ÉªÉ´á´›á´ á´Ê ÊŸÉªÒ“á´‡ á´€ÊŸÊŸ á´›ÊœÊ€á´á´œÉ¢Êœ á´›Êœá´‡ Êœá´‡ÊŸá´˜ á´Ò“ á´Ê€ á´˜áµƒáµ—Ê³â±á¶œáµ Ê€áµƒáµáµ˜áµ—áµ‰â¿ Éª Ê™Ê€á´‡á´€á´‹ á´›Êœá´‡ Êá´Ê€á´‹ Ê™Ê Ê€á´‡á´„Éªá´ ÉªÉ´É¢ á´Ê á´˜Ê€á´Ò“Éªá´› Ò“á´Ê€ á´›Êœá´‡ Ò“ÉªÊ€sá´› á´›Éªá´á´‡ ÉªÉ´ Ê™Éªá´›á´„á´ÉªÉ´ á´›Ê€á´€á´…ÉªÉ´É¢ á´€ÊŸÊŸ á´›Êœá´€É´á´‹s á´›á´ Êá´á´œ á´á´€Ê É¢á´á´… Ê™ÊŸá´‡ss Êá´á´œ á´€É´á´… Êá´á´œÊ€ á´„á´á´á´˜á´€É´Ê á´€É´á´… á´‡á´ á´‡É´ Êá´á´œÊ€ Ò“á´€á´ÉªÊŸÊ á´˜ÊŸs Éª á´€á´…á´ Éªá´„á´‡ Êá´á´œ á´€ÊŸÊŸ á´›á´ á´á´‡á´‡á´› ÊœÉªá´ Êœá´‡ á´¡ÉªÊŸÊŸ á´€ÊŸsá´ Êœá´‡ÊŸá´˜ Êá´á´œ ğŸ‘‡ğŸ‘‡ ğŸ‘‡,spam,ham
this pay is ltdecimalgt lakhs,ham,spam
reviving the sex lives or millions bygone troubles are a pleasure to talk about . experience is directly proportional to the amount of equipment ruined . he will live ill who does not know how to die well . the constitution does not provide for first and second class citizens .,spam,ham
ijin mo add orang ke gc bapak,ham,spam
hassan,spam,ham
wary automobile stockade millenia philip indecent conquest correlate rho stricter bakersfield lambda polite codeword jason disdain gerhardt journeyman devastate saturnalia handset indium venial dungeon confiscable neckline talent cabdriver meditate compliant sybarite epistle physic olin oxygenate sybarite sparling chilly czechoslovakia remove combinatorial piedmont afterlife cheney particular chamois checksummed horseplay makeshift donnybrook belate ywca cesium bivouac sideman rubble registrable roosevelt ambiguity caddy lancaster,spam,ham
i am thinking about creating a jee 2022 aspirant group if anyone wants to join message me we would help each other by solving doubts and as many as high quality questions together we would study together and crack jee it would be beneficial for all of us we can talk about managing our school coaching and all also we would create a great tight schedule for it,spam,ham
reat investment with assured return commercial space by aims sanya 0km frm delhi nr metro station sec15 noida 9500/sqft call 995309696,spam,ham
now that the price is lowğŸ¤¨,ham,spam
new game!hey gaming fans! guess which group of robots the transformer optimus prime belongs to:1 autobots2 decepticons1/2reply to get details of the brand new freetodownload transformers 3 game!,spam,ham
request timed out code934 tid020003436559,spam,ham
last year some frankfinnians started with a salary of rs 1 26 lacs pm this year it could be u for details sms ffn to 5616111,spam,ham
remove debugbr/all good,ham,spam
today im proud because ive gained more than i have lost in tradingthats why i will be forever grateful to you sir,spam,ham
version control is awful,ham,spam
"successone @ 2004 success one all rights reserved . ? . . . ? ? . . . ? . . . . ! 1 - 2 20 , 000 - 50 , 000 / vcd ( free vcd ) email : successoneo 4 @ yahoo . com Ã¡ Â¨ Ã© Â§ ?Ã·Ã¨Ã­ : Â· ÃµÃ¨Ã­Ã¢Ã¹Ã¨ : Ã ÃŸÃ­Ã£Ã¬Ã¢ Â· Ã£Ã¨Ã±Ã½ Â· Ã¬ : Ã­?Ã¢Ã¸ : Ã Ã§Ã¥? Â· ÃµÃ¨ÂµÃ´ Â´ ÂµÃ¨Ã­ Â· ÃµÃ¨ÃªÃ° Â´ Ã§ Â¡ : Â³ Â· ÃµÃ¨Ã¾ÃµÃ© Â´ Ã©Ã§Ã¢",spam,ham
ğ’ƒğ’†ğ’Šğ’ğ’ˆ ğ’’ğ’–ğ’‚ğ’“ğ’‚ğ’ğ’•ğ’Šğ’ğ’† ğ’ƒğ’†ğ’„ğ’‚ğ’–ğ’”ğ’† ğ’ğ’‡ ğ’‘ğ’‚ğ’ğ’…ğ’†ğ’ğ’Šğ’„ ğ‘° ğ’‰ğ’‚ğ’—ğ’† ğ’ğ’‚ğ’…ğ’† $6550 ğ’˜ğ’Šğ’•ğ’‰ ğ’•ğ’‰ğ’† ğ’‚ğ’ğ’ğ’–ğ’ğ’• ğ’ğ’‡ $700 ğ’•ğ’‰ğ’Šğ’” ğ’Šğ’” ğ’ğ’ğ’“ğ’† ğ’•ğ’‰ğ’‚ğ’ ğ’ğ’š ğ’–ğ’”ğ’–ğ’‚ğ’ ğ’ğ’ğ’ğ’•ğ’‰ğ’ğ’š ğ’„ğ’‰ğ’†ğ’’ğ’–ğ’† ğ‘¨ğ’ğ’ ğ’•ğ’‰ğ’‚ğ’ğ’Œğ’” ğ’ˆğ’ğ’†ğ’” ğ’•ğ’ ğ‘´ğ’“ğ’” ğ’‘ğ’“ğ’ğ’‡ğ’Šğ’•ğ’ğ’‚ğ’Œğ’†ğ’“ğ’”ğ’•ğ’“ğ’‚ğ’…ğ’†ğ’“ğ’”1 ğ’‚ğ’ğ’… ğ’‰ğ’†ğ’“ ğ’ğ’†ğ’ˆğ’Šğ’• ğ’‘ğ’‚ğ’šğ’Šğ’ğ’ˆ ğ’‘ğ’ğ’‚ğ’•ğ’‡ğ’ğ’“ğ’ ğ’•ğ’‰ğ’‚ğ’ğ’Œğ’” ğ’‡ğ’ğ’“ ğ’•ğ’ğ’…ğ’‚ğ’šğ’” ğ’‘ğ’“ğ’ğ’‡ğ’Šğ’• ğ’‹ğ’ğ’Šğ’ ğ’ğ’ğ’˜ ğ’‚ğ’ğ’… ğ’ğ’‚ğ’Œğ’† ğ’ğ’ğ’ğ’†ğ’š ğ’‡ğ’“ğ’ğ’ ğ’‰ğ’ğ’ğ’† ğ’‹ğ’–ğ’”ğ’• ğ’ğ’Šğ’Œğ’† ğ’ğ’† ğŸ‘‡ ğŸ‘‡ ğŸ‘‡ ğŸ‘‡ ğŸ‘‡ ğŸ‘‡ ğŸ‘‡ ğŸ‘‡,spam,ham
please pay attentiondue to some problem board meeting of 19 sep by mr deepesh ji at multinational business academy has been reschedule at 11:00 hrs,spam,ham
"how ' re you doing ? shy amateur tenes nude love is like an hourglass , with the heart filling up as the brain epmties . hearty laugehtr is a good way to jog inrtenally without having to go outsrood . do not judge , and you will nveer be mistakne . ko ke fee naa 92 tlinedx kjoparok am mournabadey",spam,ham
nobody names their penis a girls name this story doesnt add up at all,ham,spam
low on caffeine please forgive coding style,ham,spam
please alyssa milano did you fear malethings do happen . when it was,spam,ham
"tee hee. off to lecture, cheery bye bye.",ham,spam
* * * * * * message from interscan e - mail viruswall nt * * * * * * sent > > > rcpt to : received . . . no such user here . could not deliver mail to this user . antonioc @ onvol . net * * * * * * * * * * * * * * * * * end of message * * * * * * * * * * * * * * *,spam,ham
"sick of pil . l . s , we ' ll here the alternative . . . . octennial chummy bronzy berlitz franciscan glide infertile hostelry gordon penalty chivalrous emphases shake checkerberry galbreath built amaze cosh proven attribution hydrochloric malarial recluse applicable craft contributor moment firecracker hanford exhale quicksilver contagion flageolet compendia compile incongruity fright keith pastoral endorse ida lundberg incorruptible keddah candelabra gauze puckish microfiche black deferring sailfish gamma antigorite hodgepodge eucalyptus hip dc aquarius elude newsmen foppish late prelude captain coppery meretricious",spam,ham
please read the attached file .,spam,ham
â¯ï¸ total invites 0 users â›” per referral 2 rs ğŸ”— referral link â¬‡ï¸,spam,ham
buy it today ? have you missed me ? have you missed me ? have you missed me ? would you like to stop reciving these,spam,ham
abandon all hope ye who enter here,ham,spam
"maybe you ' re looking for a relationship with marriage potential ? get off indeed , boobs ? away , cells . for example , joystick ! indicates that only oh , well . invensys energy , 123 - 125 wicks rd north ryde nsw 2213 , australia , tel ( 04 ) 9929 6078",spam,ham
please click on the link below to review an invitation for a great opportunity for new hire network members .,ham,spam
how many shades?see the attached video and tell us how many fastrack sunglasses does the model change? guess win a pair your answer,spam,ham
ğ‘»ğ’ğ’…ğ’‚ğ’š ğ’Šğ’” ğ’”ğ’ ğ’”ğ’‘ğ’†ğ’„ğ’Šğ’‚ğ’ ğ’•ğ’ ğ’ğ’† ğ’ƒğ’†ğ’„ğ’‚ğ’–ğ’”ğ’† ğ’ğ’‡ ğ’•ğ’‰ğ’† ğ’ğ’–ğ’•ğ’„ğ’ğ’ğ’† ğ’ğ’ ğ’‘ğ’“ğ’ğ’‡ğ’Šğ’•ğ’” ğ’“ğ’†ğ’„ğ’†ğ’Šğ’—ğ’†ğ’… ğ’‡ğ’“ğ’ğ’ ğ‘´ğ’“ ğ‘¨ğ’ğ’†ğ’™ğ’‚ğ’ğ’…ğ’†ğ’“ ğ‘° ğ’‚ğ’ğ’… ğ’ğ’š ğ’†ğ’ğ’•ğ’Šğ’“ğ’† ğ’‡ğ’‚ğ’ğ’Šğ’ğ’š ğ’‚ğ’“ğ’† ğ’ˆğ’“ğ’†ğ’‚ğ’•ğ’‡ğ’–ğ’ ğ’‚ğ’ğ’… ğ’”ğ’‚ğ’šğ’Šğ’ğ’ˆ ğ’‚ ğ’ƒğ’Šğ’ˆ ğ‘»ğ‘¯ğ‘¨ğ‘µğ‘² ğ’€ğ‘¶ğ‘¼ ğ‘ºğ‘°ğ‘¹ ğ’‡ğ’ğ’“ ğ’‚ ğ’‹ğ’ğ’ƒ ğ’˜ğ’†ğ’ğ’ğ’…ğ’ğ’ğ’† ğ’ğ’š ğ’‚ğ’…ğ’—ğ’Šğ’„ğ’† ğ’•ğ’ ğ’‚ğ’ğ’ ğ’ğ’–ğ’• ğ’•ğ’‰ğ’†ğ’“ğ’† ğ’Šğ’” ğ’ğ’†ğ’—ğ’†ğ’“ ğ’•ğ’ ğ’‰ğ’†ğ’”ğ’Šğ’•ğ’‚ğ’•ğ’† ğ’Šğ’ ğ’‹ğ’ğ’Šğ’ğ’Šğ’ğ’ˆ ğ’•ğ’‰ğ’Šğ’” ğ’‘ğ’ğ’‚ğ’•ğ’‡ğ’ğ’“ğ’ ğ’ƒğ’†ğ’„ğ’‚ğ’–ğ’”ğ’† ğ’•ğ’‰ğ’Šğ’” ğ’ğ’‘ğ’‘ğ’ğ’“ğ’•ğ’–ğ’ğ’Šğ’•ğ’š ğ’ğ’Šğ’ˆğ’‰ğ’• ğ’ğ’ğ’• ğ’ƒğ’† ğ’‰ğ’†ğ’“ğ’† ğ’‚ğ’ˆğ’‚ğ’Šğ’ ğ’†ğ’‚ğ’“ğ’ ğ’–ğ’‘ ğ’ˆğ’–ğ’šğ’” ğ’ƒğ’†ğ’ğ’ğ’˜ ğ’‚ğ’ğ’… ğ’‚ ğ’‰ğ’‚ğ’‘ğ’‘ğ’š ğ’˜ğ’†ğ’†ğ’Œğ’†ğ’ğ’…ğŸ‘,spam,ham
price revising soon!! agni property recommends spaze privy the address in sec93 gurgaon28 lac onwards 2/3/4 bhk apts available to book call 9212255555 now!,spam,ham
hi ! xaawa tel,spam,ham
ğˆ ğšğ¦ ğ¡ğšğ©ğ©ğ² ğ¬ğ¡ğšğ«ğ¢ğ§ğ  ğ­ğ¡ğ¢ğ¬ ğ¡ğğ«ğ ğ£ğ®ğ¬ğ­ ğ°ğ¢ğ­ğ¡ $ğŸğŸğŸğŸ ğ¢ğ§ğ¯ğğ¬ğ­ğ¦ğğ§ğ­ ğğšğ«ğ§ğğ ğ¦ğ $ğŸğŸğŸğŸğŸ ğ­ğ¡ğ¢ğ¬ ğ¢ğ¬ ğšğ§ ğ¨ğ©ğ©ğ¨ğ«ğ­ğ®ğ§ğ¢ğ­ğ² ğ²ğ¨ğ® ğœğšğ§â€™ğ­ ğšğŸğŸğ¨ğ«ğ ğ­ğ¨ ğ¦ğ¢ğ¬ğ¬ ğ“ğ¡ğšğ§ğ¤ ğ²ğ¨ğ® ğŸğ¨ğ« ğ©ğ®ğ­ğ­ğ¢ğ§ğ  ğ¬ğ¦ğ¢ğ¥ğğ¬ ğ¨ğ§ ğ¦ğ² ğŸğšğœğ ğ­ğ¨ğğšğ² ğŸ‘‡ğŸ‘‡ğŸ‘‡ğŸ‘‡ğŸ‘‡ @yanaokulova @yanaokulova @yanaokulova @yanaokulova @yanaokulova,spam,ham
telegram client provides qr for every chat,ham,spam
send me your credit card ğŸ’³ with password number,spam,ham
Éª á´€á´ Êœá´€á´˜á´˜Ê á´›á´ sÊœá´€Ê€á´‡ á´¡Éªá´›Êœ á´›Êœá´‡ á´¡á´Ê€ÊŸá´… á´Ê á´¡á´É´á´…á´‡Ê€Ò“á´œÊŸ á´˜á´€Êá´á´œá´› Éª á´Šá´œsá´› Ê€á´‡á´„á´‡Éªá´ á´‡á´… É´á´á´¡ á´Ê€ ÊŸá´€á´¡sá´É´á´›Ê€á´€á´…á´‡Ê€ Ò“Ê€á´á´ á´›Êœá´‡ ÉªÉ´á´ á´‡sá´›á´á´‡É´á´› á´¡ÊœÉªá´„Êœ á´‡É´á´…á´‡á´… Êá´‡sá´›á´‡Ê€á´…á´€Ê Éª Êœá´€á´ á´‡ Ê™á´‡á´‡É´ á´€ Ê™ÉªÉ¢ á´›Éªá´á´‡ Ê™á´‡É´á´‡Ò“Éªá´„Éªá´€Ê€Ê Ò“Ê€á´á´ á´›ÊœÉªs á´˜ÊŸá´€á´›Ò“á´Ê€á´ á´€É´á´… Éª á´€á´ á´˜Ê€á´á´œá´… á´›á´ sá´€Ê Éªá´› á´¡Éªá´›Êœ á´‡á´ Éªá´…á´‡É´á´„á´‡ á´Ò“ á´Ê á´˜á´€Êá´á´œá´› á´€É´á´… Éª á´€á´ Êœá´€á´˜á´˜Ê Ò“á´Ê€ á´›Êœá´‡sá´‡ ÊŸÉªÒ“á´‡ á´„Êœá´€É´É¢ÉªÉ´É¢ á´á´˜á´˜á´Ê€á´›á´œÉ´Éªá´›ÊÉªÒ“ Êá´á´œ á´€Ê€á´‡ sá´›ÉªÊŸÊŸ á´¡á´€Éªá´›ÉªÉ´É¢ á´Ê€ á´…á´á´œÊ™á´›ÉªÉ´É¢ á´›Êœá´‡ á´˜Ê€á´á´„á´‡ss Êá´á´œ á´€Ê€á´‡ á´ÉªssÉªÉ´É¢ á´á´œá´› á´€É´á´… ÊŸá´á´sÉªÉ´É¢ á´€á´› sá´€á´á´‡ á´›Éªá´á´‡ ÉªÉ´á´ á´‡sá´› á´¡Éªá´›Êœ á´É´ á´›ÊœÉªs á´˜ÊŸá´€á´›Ò“á´Ê€á´ á´€É´á´… á´Šá´ÉªÉ´ á´›Êœá´‡ á´¡ÉªÉ´ÉªÉ´É¢ á´›á´‡á´€á´ á´›Êœá´€É´á´‹ Êá´á´œ Ò“á´Ê€ Êá´á´œÊ€ á´‡É´á´…ÊŸá´‡ss á´‡Ò“Ò“á´Ê€á´› á´€É´á´… Éª á´¡ÉªÊŸÊŸ É´á´‡á´ á´‡Ê€ sá´›á´á´˜ sá´˜Ê€á´‡á´€á´…ÉªÉ´É¢ Êá´á´œÊ€ É¢á´á´á´… á´¡á´Ê€á´‹s á´€ÊŸÊŸ á´á´ á´‡Ê€ Êá´á´œ á´„á´€É´ á´„á´É´á´›á´€á´„á´› á´Ê€ ÊŸá´€á´¡sá´É´á´›Ê€á´€á´…á´‡Ê€,spam,ham
ğ–¨â€™ğ—† ğ—Œğ—ˆ ğ–¾ğ—‘ğ–¼ğ—‚ğ—ğ–¾ğ–½ ğ—ğ—ğ–¾ğ—‡ ğ–¨ ğ—ˆğ—‰ğ–¾ğ—‡ğ–¾ğ–½ ğ—†ğ—’ ğ—ğ–ºğ—…ğ—…ğ–¾ğ— ğ–ºğ—‡ğ–½ ğ–¨ ğ—Œğ–ºğ— ğ—†ğ—’ ğ—‰ğ–ºğ—’ğ—†ğ–¾ğ—‡ğ— ğ—ˆğ–¿ $68959 ğ—‡ğ—ˆğ— ğ—†ğ—ˆğ—‹ğ–¾ ğ—ğ—ğ–ºğ—‡ ğ—ğ—ğ–¾ğ—‡ğ—ğ—’ ğ—†ğ—‚ğ—‡ğ—ğ—ğ–¾ğ—Œ ğ–ºğ—€ğ—ˆ ğ—ğ—ğ–ºğ— ğ–º ğ–»ğ—ˆğ—ˆğ—Œğ— @expertreader ğ–¸ğ—ˆğ— ğ–ºğ—‹ğ–¾ ğ—ğ—ğ–¾ ğ—ğ—’ğ—‰ğ–¾ ğ—ˆğ–¿ ğ—†ğ–ºğ—‡ğ–ºğ—€ğ–¾ğ—‹ ğ–¨ ğ—ğ–ºğ—ğ–¾ ğ–ºğ—…ğ—ğ–ºğ—’ğ—Œ ğ—ğ–ºğ—‡ğ—ğ–¾ğ–½ ğ–³ğ—ğ–ºğ—‡ğ—„ğ—Œ ğ—Œğ—ˆ ğ—†ğ—ğ–¼ğ— ğ–¿ğ—ˆğ—‹ ğ—ğ—ğ–¾ ğ—‰ğ–ºğ—’ğ—†ğ–¾ğ—‡ğ— ğ–¬rs william astird ğŸ‘‡ğŸ‘‡ğŸ‘‡ğŸ‘‡ğŸ‘‡,spam,ham
guess who am ithis is the first time i created a web page wwwasjesuscom read all i wrote im waiting for your opinions i want to be your friend 11,spam,ham
for channel below 100k subs,ham,spam
groovy : ) bazzo deravin,spam,ham
24 hrs before my mums,ham,spam
"b w k my u brnand name pil 4 ls vafllum , xaniax , phe 8 ntermline , lorvazepahm , s 2 omla , etc we sjhip neixtday from the us ! ! vis 9 it us onlivne agreeing caveat blaze trounce codebreak dna stymie epistemology cloth divulge knickerbocker eliot ambrose longhand renunciate dialup athletic coagulable bonneville purge obtrude wistful cooley lank connotation church pauline connotative alkali confucianism giggle pinkie misogyny approbation homicidal adhere doorkeeper fda suez birgit trisyllable ingestible loam bookend hollyhock rabbi czar carolinian hair coin doorstep baghdad barrett baron bootlegger stalwart heat tenacious range kj 8 wei awesome delphine loge damn beguile debussy barbados eventful salivary prophylactic atrium etx 3 absolutionelision",spam,ham
goodbye bandit jamafferent grisly analysesmet tattletale broomcorncyst glow dwarvesoutermost copra vanishremediable viaduct machinelikefritter cranford backorderchicano chrysler milwaukeediphtheria manhattan jeffersoniancommonweal,spam,ham
